travel_id,job_no,wave_no,task_no,store_id,merch_no,rep_homestate,travel_dt,travel_distance,deduct_miles,actual_amount
722887-202601-6-10988020-254580-20260115,722887,202601,6,10988020,254580,GA,1/15/2026,120,0,36
722887-202601-6-10988122-253064-20260115,722887,202601,6,10988122,253064,MS,1/15/2026,381.49,20.82,114.45
722887-202601-6-10996517-249742-20260115,722887,202601,6,10996517,249742,MS,1/15/2026,436.35,0,130.91
722887-202601-6-10996517-249742-20260116,722887,202601,6,10996517,249742,MS,1/16/2026,140,0,42
722887-202601-6-10996980-251451-20260115,722887,202601,6,10996980,251451,MS,1/15/2026,280,0,84
722887-202601-6-10997371-222042-20260115,722887,202601,6,10997371,222042,NC,1/15/2026,457.64,0,137.29
722887-202601-6-10997371-254514-20260115,722887,202601,6,10997371,254514,NC,1/15/2026,446.17,0,133.85
722887-202601-6-11265346-179978-20260118,722887,202601,6,11265346,179978,MI,1/18/2026,263.22,8.4,78.97
722887-202601-6-11265346-246824-20260118,722887,202601,6,11265346,246824,OH,1/18/2026,252.86,8.43,75.86
722887-202601-6-11281910-254198-20260116,722887,202601,6,11281910,254198,CO,1/16/2026,80.88,0,24.26
722887-202602-6-10987902-249312-20260121,722887,202602,6,10987902,249312,MD,1/21/2026,514.18,30,154.25
722887-202602-6-10987902-252970-20260120,722887,202602,6,10987902,252970,SC,1/20/2026,160.16,30,48.05
722887-202602-6-10987902-253504-20260122,722887,202602,6,10987902,253504,MS,1/22/2026,276.26,10.78,82.88
722887-202602-6-10987924-214211-20260119,722887,202602,6,10987924,214211,AL,1/19/2026,30,0,9
722887-202602-6-10987924-214211-20260120,722887,202602,6,10987924,214211,AL,1/20/2026,30,0,9
722887-202602-6-10987924-229785-20260122,722887,202602,6,10987924,229785,IL,1/22/2026,539.59,5.18,161.88
722887-202602-6-10987924-229785-20260123,722887,202602,6,10987924,229785,IL,1/23/2026,404,0,121.2
722887-202602-6-10987924-238050-20260121,722887,202602,6,10987924,238050,TN,1/21/2026,213.16,79.51,63.95
722887-202602-6-10987924-238050-20260122,722887,202602,6,10987924,238050,TN,1/22/2026,378.35,0,113.51
722887-202602-6-10987924-248888-20260122,722887,202602,6,10987924,248888,MO,1/22/2026,375.04,9.71,112.51
722887-202602-6-10987924-248888-20260123,722887,202602,6,10987924,248888,MO,1/23/2026,604.13,0,181.24
722887-202602-6-10987924-256715-20260122,722887,202602,6,10987924,256715,MO,1/22/2026,1004.34,26.19,301.3
722887-202602-6-10988010-241843-20260121,722887,202602,6,10988010,241843,FL,1/21/2026,340,0,102
722887-202602-6-10988010-254978-20260121,722887,202602,6,10988010,254978,LA,1/21/2026,577.59,36.87,173.28
722887-202602-6-10988010-254978-20260122,722887,202602,6,10988010,254978,LA,1/22/2026,700,0,210
722887-202602-6-10988010-255198-20260119,722887,202602,6,10988010,255198,TN,1/19/2026,52.55,30,15.77
722887-202602-6-10988010-255198-20260120,722887,202602,6,10988010,255198,TN,1/20/2026,32.7,60,9.81
722887-202602-6-10988010-255198-20260121,722887,202602,6,10988010,255198,TN,1/21/2026,258.6,90,77.58
722887-202602-6-10988010-258721-20260121,722887,202602,6,10988010,258721,SC,1/21/2026,35.96,66.86,10.79
722887-202602-6-10988053-187959-20260122,722887,202602,6,10988053,187959,TX,1/22/2026,370,0,111
722887-202602-6-10988053-187959-20260123,722887,202602,6,10988053,187959,TX,1/23/2026,373.2,0,111.96
722887-202602-6-10988053-235526-20260122,722887,202602,6,10988053,235526,SC,1/22/2026,49.51,30,14.85
722887-202602-6-10988053-236086-20260122,722887,202602,6,10988053,236086,FL,1/22/2026,323.04,94.93,96.91
722887-202602-6-10988053-239440-20260122,722887,202602,6,10988053,239440,LA,1/22/2026,639.07,60,191.72
722887-202602-6-10988053-258692-20260122,722887,202602,6,10988053,258692,SC,1/22/2026,160.36,71.61,48.11
722887-202602-6-10996244-235667-20260123,722887,202602,6,10996244,235667,GA,1/23/2026,422.97,0,126.89
722887-202602-6-10996244-253743-20260121,722887,202602,6,10996244,253743,NC,1/21/2026,77.45,43.93,23.24
722887-202602-6-10996244-254914-20260121,722887,202602,6,10996244,254914,TN,1/21/2026,285.45,42.96,85.64
722887-202602-6-10996302-216748-20260122,722887,202602,6,10996302,216748,LA,1/22/2026,770,0,231
722887-202602-6-10996302-217044-20260122,722887,202602,6,10996302,217044,LA,1/22/2026,770,0,231
722887-202602-6-10996302-243463-20260122,722887,202602,6,10996302,243463,TN,1/22/2026,688.94,27.61,206.68
722887-202602-6-10996302-249260-20260122,722887,202602,6,10996302,249260,OK,1/22/2026,705.83,27.69,211.75
722887-202602-6-10996302-249260-20260123,722887,202602,6,10996302,249260,OK,1/23/2026,57.96,0,17.39
722887-202602-6-10996540-248460-20260121,722887,202602,6,10996540,248460,NY,1/21/2026,363,0,108.9
722887-202602-6-10996540-248460-20260122,722887,202602,6,10996540,248460,NY,1/22/2026,330,0,99
722887-202602-6-10996540-248517-20260121,722887,202602,6,10996540,248517,AR,1/21/2026,391.44,30,117.43
722887-202602-6-10996540-248517-20260122,722887,202602,6,10996540,248517,AR,1/22/2026,255,0,76.5
722887-202602-6-10996540-253592-20260121,722887,202602,6,10996540,253592,IL,1/21/2026,161.38,30,48.41
722887-202602-6-10996540-253592-20260122,722887,202602,6,10996540,253592,IL,1/22/2026,572.52,0,171.76
722887-202602-6-10996540-259167-20260121,722887,202602,6,10996540,259167,WV,1/21/2026,347.42,30,104.23
722887-202602-6-10996550-233546-20260122,722887,202602,6,10996550,233546,AL,1/22/2026,240,0,72
722887-202602-6-10996550-248627-20260122,722887,202602,6,10996550,248627,PA,1/22/2026,641.26,29.33,192.38
722887-202602-6-10996550-250259-20260122,722887,202602,6,10996550,250259,DE,1/22/2026,642.53,3.35,192.76
722887-202602-6-10996550-258709-20260121,722887,202602,6,10996550,258709,SC,1/21/2026,30,0,9
722887-202602-6-10996550-258709-20260122,722887,202602,6,10996550,258709,SC,1/22/2026,208.32,0,62.5
722887-202602-6-10996550-259249-20260120,722887,202602,6,10996550,259249,GA,1/20/2026,61.12,30,18.34
722887-202602-6-10996561-232147-20260123,722887,202602,6,10996561,232147,TN,1/23/2026,396.1,17.61,118.83
722887-202602-6-10996561-239541-20260122,722887,202602,6,10996561,239541,TX,1/22/2026,880,0,264
722887-202602-6-10996561-242309-20260123,722887,202602,6,10996561,242309,NC,1/23/2026,175.72,17.7,52.72
722887-202602-6-10996561-259020-20260122,722887,202602,6,10996561,259020,NC,1/22/2026,221.8,30,66.54
722887-202602-6-10996561-259314-20260122,722887,202602,6,10996561,259314,NC,1/22/2026,236.94,0,71.08
722887-202602-6-10996641-203622-20260122,722887,202602,6,10996641,203622,NC,1/22/2026,241.56,0,72.47
722887-202602-6-10996641-234511-20260122,722887,202602,6,10996641,234511,GA,1/22/2026,24.58,3.5,7.37
722887-202602-6-10996641-234786-20260122,722887,202602,6,10996641,234786,GA,1/22/2026,24.56,3.6,7.37
722887-202602-6-10996641-241674-20260122,722887,202602,6,10996641,241674,NC,1/22/2026,200,0,60
722887-202602-6-10996700-241462-20260122,722887,202602,6,10996700,241462,GA,1/22/2026,226.4,16.45,67.92
722887-202602-6-10996700-249905-20260122,722887,202602,6,10996700,249905,LA,1/22/2026,581.83,15.91,174.55
722887-202602-6-10996776-225682-20260122,722887,202602,6,10996776,225682,GA,1/22/2026,200.07,0,60.02
722887-202602-6-10996925-253775-20260121,722887,202602,6,10996925,253775,KY,1/21/2026,414.64,44.68,124.39
722887-202602-6-10997021-234311-20260121,722887,202602,6,10997021,234311,MS,1/21/2026,345.78,36.93,103.73
722887-202602-6-10997021-236475-20260122,722887,202602,6,10997021,236475,AL,1/22/2026,136.29,23.36,40.89
722887-202602-6-10997225-254618-20260122,722887,202602,6,10997225,254618,TX,1/22/2026,259.55,20.99,77.87
722887-202602-6-10997350-239485-20260121,722887,202602,6,10997350,239485,MS,1/21/2026,84.74,30,25.42
722887-202602-6-11148659-130515-20260119,722887,202602,6,11148659,130515,OH,1/19/2026,610,0,183
722887-202602-6-11148659-233547-20260122,722887,202602,6,11148659,233547,MS,1/22/2026,1030.61,0,309.18
722887-202602-6-11148659-240377-20260121,722887,202602,6,11148659,240377,DE,1/21/2026,82.86,68.7,24.86
722887-202602-6-11148659-240377-20260122,722887,202602,6,11148659,240377,DE,1/22/2026,74.77,60,22.43
722887-202602-6-11148659-240377-20260123,722887,202602,6,11148659,240377,DE,1/23/2026,74.76,60,20.31
722887-202602-6-11148659-254114-20260121,722887,202602,6,11148659,254114,MD,1/21/2026,45.49,30,13.65
722887-202602-6-11148659-254114-20260122,722887,202602,6,11148659,254114,MD,1/22/2026,74.78,60,22.43
722887-202602-6-11148659-254114-20260123,722887,202602,6,11148659,254114,MD,1/23/2026,74.77,60,11.3
722887-202602-6-11148659-256037-20260121,722887,202602,6,11148659,256037,MA,1/21/2026,45.5,30,13.65
722887-202602-6-11216872-237047-20260122,722887,202602,6,11216872,237047,AL,1/22/2026,342.13,13.01,102.64
722887-202602-6-11216872-240535-20260121,722887,202602,6,11216872,240535,LA,1/21/2026,783.05,49.2,234.92
722887-202602-6-11216872-251686-20260121,722887,202602,6,11216872,251686,LA,1/21/2026,493.12,49.2,147.94
722887-202602-6-11216872-251686-20260122,722887,202602,6,11216872,251686,LA,1/22/2026,339.91,0,101.97
722887-202602-6-11216872-259224-20260122,722887,202602,6,11216872,259224,AL,1/22/2026,326.56,0,97.97
722887-202602-6-11265357-236999-20260122,722887,202602,6,11265357,236999,FL,1/22/2026,142.35,30,42.71
722887-202602-6-11265357-255106-20260121,722887,202602,6,11265357,255106,TX,1/21/2026,274.54,41.94,82.36
722887-202602-6-11265357-255106-20260122,722887,202602,6,11265357,255106,TX,1/22/2026,499.04,30,149.71
722887-202602-6-11265357-256003-20260121,722887,202602,6,11265357,256003,GA,1/21/2026,264.21,30,79.26
722887-202602-6-11265368-209279-20260116,722887,202602,6,11265368,209279,GA,1/16/2026,400,0,120
722887-202602-6-11265368-209279-20260123,722887,202602,6,11265368,209279,GA,1/23/2026,400,0,120
722887-202602-6-11265368-234630-20260122,722887,202602,6,11265368,234630,LA,1/22/2026,270,0,81
722887-202602-6-11265368-234630-20260123,722887,202602,6,11265368,234630,LA,1/23/2026,200,0,60
722887-202602-6-11265368-251471-20260122,722887,202602,6,11265368,251471,KY,1/22/2026,178.69,39.3,53.61
722887-202602-6-11265368-254901-20260123,722887,202602,6,11265368,254901,AR,1/23/2026,428.79,20.17,128.64
722887-202602-6-11265368-259107-20260113,722887,202602,6,11265368,259107,KY,1/13/2026,57,0,17.1
722887-202602-6-11265368-259107-20260122,722887,202602,6,11265368,259107,KY,1/22/2026,73.53,49.13,22.06
722887-202602-6-11265379-238679-20260122,722887,202602,6,11265379,238679,WV,1/22/2026,387.45,30,116.24
722887-202602-6-11265379-238679-20260123,722887,202602,6,11265379,238679,WV,1/23/2026,260.46,0,78.14
722887-202602-6-11265379-239330-20260121,722887,202602,6,11265379,239330,AR,1/21/2026,347.03,30,104.11
722887-202602-6-11265379-248985-20260121,722887,202602,6,11265379,248985,MS,1/21/2026,242,0,72.6
722887-202602-6-11265379-250953-20260121,722887,202602,6,11265379,250953,LA,1/21/2026,370,0,111
722887-202602-6-11265379-255346-20260121,722887,202602,6,11265379,255346,AL,1/21/2026,242,0,72.6
722887-202602-6-11265379-256146-20260121,722887,202602,6,11265379,256146,AR,1/21/2026,121.39,70.54,36.42
722887-202602-6-11265379-258606-20260121,722887,202602,6,11265379,258606,AR,1/21/2026,84.57,30,25.37
722887-202602-6-11265379-258934-20260112,722887,202602,6,11265379,258934,AR,1/12/2026,117.24,0,35.17
722887-202602-6-11265379-258934-20260122,722887,202602,6,11265379,258934,AR,1/22/2026,121,0,36.3
722887-202602-6-11292247-239852-20260122,722887,202602,6,11292247,239852,MS,1/22/2026,0.82,0,0.25
722887-202602-6-11292247-249189-20260122,722887,202602,6,11292247,249189,PA,1/22/2026,188.81,30,56.64
722887-202602-6-11292247-250810-20260116,722887,202602,6,11292247,250810,NY,1/16/2026,56.5,30,16.95
722887-202602-6-11292247-250810-20260123,722887,202602,6,11292247,250810,NY,1/23/2026,67.28,27.33,20.18
722887-202603-6-10987877-214759-20260119,722887,202603,6,10987877,214759,OH,1/19/2026,429.27,30,128.78
722887-202603-6-10987877-214759-20260120,722887,202603,6,10987877,214759,OH,1/20/2026,18.51,18.45,5.55
722887-202603-6-10987877-219866-20260119,722887,202603,6,10987877,219866,FL,1/19/2026,383.48,30,115.04
722887-202603-6-10987877-219866-20260120,722887,202603,6,10987877,219866,FL,1/20/2026,14.85,18.21,4.46
722887-202603-6-10987877-235185-20260116,722887,202603,6,10987877,235185,FL,1/16/2026,117.31,30,35.19
722887-202603-6-10987877-235185-20260120,722887,202603,6,10987877,235185,FL,1/20/2026,18.21,18.23,5.46
722887-202603-6-10987877-235767-20260119,722887,202603,6,10987877,235767,FL,1/19/2026,383.49,30,115.05
722887-202603-6-10987877-235767-20260120,722887,202603,6,10987877,235767,FL,1/20/2026,18.49,18.25,5.55
722887-202603-6-10988042-233398-20260121,722887,202603,6,10988042,233398,MS,1/21/2026,705.94,0,211.78
722887-202603-6-10988042-246824-20260119,722887,202603,6,10988042,246824,OH,1/19/2026,407.39,30,122.22
722887-202603-6-10988042-249532-20260119,722887,202603,6,10988042,249532,MO,1/19/2026,474.38,30,142.31
722887-202603-6-10988042-249532-20260120,722887,202603,6,10988042,249532,MO,1/20/2026,17.77,17.46,5.33
722887-202603-6-10988042-249927-20260119,722887,202603,6,10988042,249927,TN,1/19/2026,291.94,0,87.58
722887-202603-6-10988042-252790-20260119,722887,202603,6,10988042,252790,TX,1/19/2026,548.76,30,164.63
722887-202603-6-10988042-252790-20260120,722887,202603,6,10988042,252790,TX,1/20/2026,143.71,17.42,43.11
722887-202603-6-10988086-196922-20260121,722887,202603,6,10988086,196922,AL,1/21/2026,91.4,0,27.42
722887-202603-6-10988086-226454-20260118,722887,202603,6,10988086,226454,OK,1/18/2026,28.16,30,8.45
722887-202603-6-10988086-226454-20260119,722887,202603,6,10988086,226454,OK,1/19/2026,274.45,0,82.34
722887-202603-6-10988086-252703-20260120,722887,202603,6,10988086,252703,GA,1/20/2026,10,0,3
722887-202603-6-10988086-254703-20260119,722887,202603,6,10988086,254703,IL,1/19/2026,550,0,165
722887-202603-6-10988086-255114-20260119,722887,202603,6,10988086,255114,IL,1/19/2026,550,0,165
722887-202603-6-10988144-234779-20260121,722887,202603,6,10988144,234779,GA,1/21/2026,81.46,30,24.44
722887-202603-6-10988144-234779-20260124,722887,202603,6,10988144,234779,GA,1/24/2026,1.06,30,0.32
722887-202603-6-10988144-253064-20260119,722887,202603,6,10988144,253064,MS,1/19/2026,327,0,98.1
722887-202603-6-10989500-234105-20260116,722887,202603,6,10989500,234105,IL,1/16/2026,377.87,30,264.51
722887-202603-6-10989500-234105-20260120,722887,202603,6,10989500,234105,IL,1/20/2026,1.93,1.75,1.35
722887-202603-6-10989500-237703-20260118,722887,202603,6,10989500,237703,TN,1/18/2026,126.93,30,88.85
722887-202603-6-10996368-234835-20260119,722887,202603,6,10996368,234835,MS,1/19/2026,690,0,207
722887-202603-6-10996368-234835-20260120,722887,202603,6,10996368,234835,MS,1/20/2026,21.25,20.37,6.38
722887-202603-6-10996368-252330-20260121,722887,202603,6,10996368,252330,GA,1/21/2026,274.24,0,82.27
722887-202603-6-10996368-252379-20260119,722887,202603,6,10996368,252379,WV,1/19/2026,79.04,30,23.71
722887-202603-6-10996368-255337-20260119,722887,202603,6,10996368,255337,IN,1/19/2026,610.55,0,183.17
722887-202603-6-10996379-215520-20260119,722887,202603,6,10996379,215520,LA,1/19/2026,781.79,30,234.54
722887-202603-6-10996379-215520-20260120,722887,202603,6,10996379,215520,LA,1/20/2026,25.19,25.33,7.56
722887-202603-6-10996379-249825-20260119,722887,202603,6,10996379,249825,GA,1/19/2026,352,30,105.6
722887-202603-6-10996379-249825-20260120,722887,202603,6,10996379,249825,GA,1/20/2026,25.17,25.33,7.55
722887-202603-6-10996379-253914-20260119,722887,202603,6,10996379,253914,LA,1/19/2026,772.91,0,231.87
722887-202603-6-10996379-253914-20260120,722887,202603,6,10996379,253914,LA,1/20/2026,0.03,25.3,0.01
722887-202603-6-10996528-207826-20260121,722887,202603,6,10996528,207826,MS,1/21/2026,216.1,0,64.83
722887-202603-6-10996528-248332-20260119,722887,202603,6,10996528,248332,GA,1/19/2026,102.16,30,30.65
722887-202603-6-10996528-254580-20260119,722887,202603,6,10996528,254580,GA,1/19/2026,79.45,30,23.84
722887-202603-6-10996528-254580-20260120,722887,202603,6,10996528,254580,GA,1/20/2026,14.4,14.24,4.32
722887-202603-6-10996528-254941-20260121,722887,202603,6,10996528,254941,MS,1/21/2026,0.07,0,0.02
722887-202603-6-10996583-235642-20260118,722887,202603,6,10996583,235642,LA,1/18/2026,390.36,30,117.11
722887-202603-6-10996583-235642-20260119,722887,202603,6,10996583,235642,LA,1/19/2026,262.55,0,78.77
722887-202603-6-10996583-235721-20260118,722887,202603,6,10996583,235721,LA,1/18/2026,386.62,30,115.99
722887-202603-6-10996583-235721-20260119,722887,202603,6,10996583,235721,LA,1/19/2026,270.78,0,81.23
722887-202603-6-10996583-235721-20260120,722887,202603,6,10996583,235721,LA,1/20/2026,7.1,6.47,2.13
722887-202603-6-10996583-241409-20260119,722887,202603,6,10996583,241409,LA,1/19/2026,682.37,30,204.71
722887-202603-6-10996583-241409-20260120,722887,202603,6,10996583,241409,LA,1/20/2026,7.29,0,2.19
722887-202603-6-10996583-246307-20260119,722887,202603,6,10996583,246307,LA,1/19/2026,682.5,30,204.75
722887-202603-6-10996583-246307-20260120,722887,202603,6,10996583,246307,LA,1/20/2026,7.3,6.39,2.19
722887-202603-6-10996696-254496-20260119,722887,202603,6,10996696,254496,GA,1/19/2026,150,0,45
722887-202603-6-10996696-254496-20260120,722887,202603,6,10996696,254496,GA,1/20/2026,10.31,10.71,3.09
722887-202603-6-10996754-222042-20260119,722887,202603,6,10996754,222042,NC,1/19/2026,319.07,30,95.72
722887-202603-6-10996754-236126-20260119,722887,202603,6,10996754,236126,FL,1/19/2026,333.7,30,100.11
722887-202603-6-10996754-254514-20260119,722887,202603,6,10996754,254514,NC,1/19/2026,304.04,30,91.21
722887-202603-6-10996754-255111-20260117,722887,202603,6,10996754,255111,GA,1/17/2026,81.47,30,24.44
722887-202603-6-10996754-255111-20260119,722887,202603,6,10996754,255111,GA,1/19/2026,103.78,0,31.13
722887-202603-6-10996765-207869-20260120,722887,202603,6,10996765,207869,MS,1/20/2026,520.81,30,156.24
722887-202603-6-10996765-244549-20260119,722887,202603,6,10996765,244549,VA,1/19/2026,380.63,30,114.19
722887-202603-6-10996834-237489-20260123,722887,202603,6,10996834,237489,NC,1/23/2026,9.02,0,2.71
722887-202603-6-10996834-238789-20260119,722887,202603,6,10996834,238789,GA,1/19/2026,120.52,30,36.16
722887-202603-6-10996834-238789-20260120,722887,202603,6,10996834,238789,GA,1/20/2026,25.53,25.09,7.66
722887-202603-6-10996834-254154-20260121,722887,202603,6,10996834,254154,TX,1/21/2026,75.14,30,22.54
722887-202603-6-10996834-254440-20260121,722887,202603,6,10996834,254440,TX,1/21/2026,75.13,31.03,22.54
722887-202603-6-10996845-250139-20260120,722887,202603,6,10996845,250139,GA,1/20/2026,34.68,55.98,10.4
722887-202603-6-10996845-250139-20260121,722887,202603,6,10996845,250139,GA,1/21/2026,35.39,30,10.62
722887-202603-6-10996936-232963-20260119,722887,202603,6,10996936,232963,LA,1/19/2026,564.16,30,169.25
722887-202603-6-10996936-232963-20260120,722887,202603,6,10996936,232963,LA,1/20/2026,16.66,15.81,5
722887-202603-6-10996936-246718-20260119,722887,202603,6,10996936,246718,LA,1/19/2026,571.29,30,171.39
722887-202603-6-10996936-246718-20260120,722887,202603,6,10996936,246718,LA,1/20/2026,16.66,15.79,5
722887-202603-6-10996936-252728-20260119,722887,202603,6,10996936,252728,TN,1/19/2026,395.95,30,118.79
722887-202603-6-10996936-252728-20260120,722887,202603,6,10996936,252728,TN,1/20/2026,16.67,15.79,5
722887-202603-6-10996970-195725-20260120,722887,202603,6,10996970,195725,GA,1/20/2026,11.16,60.37,3.35
722887-202603-6-10996970-195725-20260121,722887,202603,6,10996970,195725,GA,1/21/2026,4.85,30,1.46
722887-202603-6-10996970-195725-20260122,722887,202603,6,10996970,195725,GA,1/22/2026,10.61,60,3.18
722887-202603-6-10996970-195725-20260123,722887,202603,6,10996970,195725,GA,1/23/2026,10.62,60,3.19
722887-202603-6-10996970-195725-20260124,722887,202603,6,10996970,195725,GA,1/24/2026,10.62,60,3.19
722887-202603-6-10996970-195725-20260125,722887,202603,6,10996970,195725,GA,1/25/2026,11.04,60.38,3.31
722887-202603-6-10996970-195725-20260126,722887,202603,6,10996970,195725,GA,1/26/2026,10.61,60,3.18
722887-202603-6-10996970-195725-20260127,722887,202603,6,10996970,195725,GA,1/27/2026,11.11,60.37,1.61
722887-202603-6-10996970-238902-20260119,722887,202603,6,10996970,238902,GA,1/19/2026,140.3,30,42.09
722887-202603-6-10996970-251451-20260119,722887,202603,6,10996970,251451,MS,1/19/2026,401.59,30,120.48
722887-202603-6-10997065-233592-20260119,722887,202603,6,10997065,233592,MS,1/19/2026,522.92,30,156.88
722887-202603-6-10997065-233592-20260120,722887,202603,6,10997065,233592,MS,1/20/2026,5.34,4.74,1.6
722887-202603-6-10997065-253422-20260119,722887,202603,6,10997065,253422,KY,1/19/2026,21.23,30,6.37
722887-202603-6-10997065-253422-20260120,722887,202603,6,10997065,253422,KY,1/20/2026,5.31,4.15,1.59
722887-202603-6-10997065-253578-20260119,722887,202603,6,10997065,253578,MS,1/19/2026,495.31,30,148.59
722887-202603-6-10997065-253578-20260120,722887,202603,6,10997065,253578,MS,1/20/2026,5.36,4.24,1.61
722887-202603-6-10997065-254702-20260119,722887,202603,6,10997065,254702,IL,1/19/2026,567.83,30,170.35
722887-202603-6-10997258-196922-20260119,722887,202603,6,10997258,196922,AL,1/19/2026,122.94,30,36.88
722887-202603-6-10997258-196922-20260120,722887,202603,6,10997258,196922,AL,1/20/2026,11.21,11.17,3.36
722887-202603-6-10997258-207826-20260118,722887,202603,6,10997258,207826,MS,1/18/2026,367.67,30,110.3
722887-202603-6-10997258-207826-20260120,722887,202603,6,10997258,207826,MS,1/20/2026,11.31,11.29,3.39
722887-202603-6-10997258-252330-20260119,722887,202603,6,10997258,252330,GA,1/19/2026,96.5,30,28.95
722887-202603-6-10997258-252330-20260120,722887,202603,6,10997258,252330,GA,1/20/2026,11.3,11.28,3.39
722887-202603-6-10997360-197453-20260116,722887,202603,6,10997360,197453,TX,1/16/2026,3.74,30,1.12
722887-202603-6-10997360-238674-20260119,722887,202603,6,10997360,238674,GA,1/19/2026,134.48,30,40.34
722887-202603-6-10997360-238674-20260120,722887,202603,6,10997360,238674,GA,1/20/2026,10.86,0,3.26
722887-202603-6-10997360-256938-20260119,722887,202603,6,10997360,256938,GA,1/19/2026,135.82,30,40.75
722887-202603-6-10997360-256938-20260120,722887,202603,6,10997360,256938,GA,1/20/2026,10.81,11.13,3.24
722887-202603-6-11287950-236845-20260119,722887,202603,6,11287950,236845,FL,1/19/2026,425.47,30,127.64
722887-202603-6-11287950-248655-20260119,722887,202603,6,11287950,248655,MO,1/19/2026,427.92,30,128.38
722887-202603-6-11287950-248655-20260120,722887,202603,6,11287950,248655,MO,1/20/2026,19.31,19.24,5.79
722887-202603-6-11287950-248738-20260119,722887,202603,6,11287950,248738,LA,1/19/2026,425.45,30,127.64
722887-202603-6-11287950-248738-20260120,722887,202603,6,11287950,248738,LA,1/20/2026,19.3,0,5.79
723056-202603-6-7460654-200307-20260120,723056,202603,6,7460654,200307,LA,1/20/2026,635,0,190.5
723056-202603-6-7460654-200307-20260123,723056,202603,6,7460654,200307,LA,1/23/2026,608.61,30,182.58
723056-202603-6-7460654-206877-20260123,723056,202603,6,7460654,206877,MO,1/23/2026,241.19,53.49,72.36
723056-202603-6-7460654-233314-20260123,723056,202603,6,7460654,233314,FL,1/23/2026,672,0,201.6
723056-202603-6-7460654-234495-20260120,723056,202603,6,7460654,234495,OH,1/20/2026,290.96,30,87.29
723056-202603-6-7460654-234495-20260121,723056,202603,6,7460654,234495,OH,1/21/2026,13.76,12.42,4.13
723056-202603-6-7460654-234495-20260123,723056,202603,6,7460654,234495,OH,1/23/2026,303.07,43.76,90.92
723056-202603-6-7460654-234564-20260120,723056,202603,6,7460654,234564,GA,1/20/2026,450.05,30,135.02
723056-202603-6-7460654-234564-20260121,723056,202603,6,7460654,234564,GA,1/21/2026,12.04,13.26,3.61
723056-202603-6-7460654-234564-20260123,723056,202603,6,7460654,234564,GA,1/23/2026,438.05,30,131.42
723056-202603-6-7460654-247815-20260120,723056,202603,6,7460654,247815,MS,1/20/2026,281.38,30,84.41
723056-202603-6-7460654-247815-20260121,723056,202603,6,7460654,247815,MS,1/21/2026,13.73,13.75,4.12
723056-202603-6-7460654-247815-20260123,723056,202603,6,7460654,247815,MS,1/23/2026,265.09,43.74,79.53
723056-202603-6-7460654-250800-20260120,723056,202603,6,7460654,250800,MS,1/20/2026,250.06,30,75.02
723056-202603-6-7460654-252114-20260120,723056,202603,6,7460654,252114,GA,1/20/2026,412.04,30,123.61
723056-202603-6-7460654-252114-20260123,723056,202603,6,7460654,252114,GA,1/23/2026,437.33,43.77,131.2
723056-202603-6-7460654-255392-20260121,723056,202603,6,7460654,255392,TN,1/21/2026,101.84,60,30.55
723056-202603-6-7460654-255392-20260122,723056,202603,6,7460654,255392,TN,1/22/2026,101.97,60,30.59
723059-202602-6-11066918-170744-20260115,723059,202602,6,11066918,170744,TX,1/15/2026,371.5,79.35,111.45
723059-202602-6-11066918-241874-20260115,723059,202602,6,11066918,241874,LA,1/15/2026,407.58,30,122.27
723059-202603-6-11275827-204794-20260122,723059,202603,6,11275827,204794,TN,1/22/2026,98,0,29.4
723059-202603-6-11275838-204794-20260119,723059,202603,6,11275838,204794,TN,1/19/2026,580.76,30,174.23
723059-202603-6-11275871-223145-20260122,723059,202603,6,11275871,223145,LA,1/22/2026,46.35,30,13.91
723059-202603-6-11275871-258944-20260122,723059,202603,6,11275871,258944,NC,1/22/2026,46.73,0,14.02
723059-202603-6-9916747-223145-20260118,723059,202603,6,9916747,223145,LA,1/18/2026,111.19,30,33.36
723059-202603-6-9916747-258944-20260120,723059,202603,6,9916747,258944,NC,1/20/2026,46.1,60,13.83
723059-202604-6-11275850-204794-20260127,723059,202604,6,11275850,204794,TN,1/27/2026,148.43,30,44.53
723059-202604-6-11275882-253454-20260127,723059,202604,6,11275882,253454,NC,1/27/2026,74.6,0,22.38
723066-202604-6-11275849-170744-20260123,723066,202604,6,11275849,170744,TX,1/23/2026,233.23,0,69.97
723066-202604-6-11275849-170744-20260124,723066,202604,6,11275849,170744,TX,1/24/2026,302.14,30,90.64
723066-202604-6-11275849-216748-20260124,723066,202604,6,11275849,216748,LA,1/24/2026,277,0,83.1
723066-202604-6-11275849-241874-20260120,723066,202604,6,11275849,241874,LA,1/20/2026,391.81,30,117.54
723066-202604-6-11275849-259165-20260123,723066,202604,6,11275849,259165,NC,1/23/2026,463.07,0,138.92
723066-202604-6-11275849-259165-20260124,723066,202604,6,11275849,259165,NC,1/24/2026,194.74,30,58.42
723159-202602-6-10499884-190617-20260118,723159,202602,6,10499884,190617,GA,1/18/2026,15.52,0,4.66
723159-202603-6-10431993-241794-20260118,723159,202603,6,10431993,241794,GA,1/18/2026,100.68,30,30.2
723159-202603-6-10431993-241794-20260119,723159,202603,6,10431993,241794,GA,1/19/2026,1.01,0,0.3
723159-202603-6-10431993-245403-20260118,723159,202603,6,10431993,245403,OH,1/18/2026,100.7,30,30.21
723159-202603-6-10431993-245403-20260119,723159,202603,6,10431993,245403,OH,1/19/2026,1.05,0,0.32
723159-202603-6-10432001-241794-20260120,723159,202603,6,10432001,241794,GA,1/20/2026,67.83,31.49,20.35
723159-202603-6-10432001-245403-20260120,723159,202603,6,10432001,245403,OH,1/20/2026,68.16,30,20.45
723159-202603-6-10493301-239030-20260122,723159,202603,6,10493301,239030,FL,1/22/2026,66.65,59.78,20
723159-202603-6-10493301-239032-20260122,723159,202603,6,10493301,239032,FL,1/22/2026,66.63,59.77,19.99
723159-202603-6-10493491-252048-20260117,723159,202603,6,10493491,252048,IL,1/17/2026,412.78,30,123.83
723159-202603-6-10493491-252048-20260118,723159,202603,6,10493491,252048,IL,1/18/2026,215.46,0,64.64
723159-202603-6-10493491-252048-20260119,723159,202603,6,10493491,252048,IL,1/19/2026,2.26,0.24,0.68
723159-202603-6-10493695-239030-20260118,723159,202603,6,10493695,239030,FL,1/18/2026,260.11,30,78.03
723159-202603-6-10493695-239030-20260119,723159,202603,6,10493695,239030,FL,1/19/2026,18.45,0,5.54
723159-202603-6-10493695-239032-20260118,723159,202603,6,10493695,239032,FL,1/18/2026,260.11,30,78.03
723159-202603-6-10493695-239032-20260119,723159,202603,6,10493695,239032,FL,1/19/2026,18.46,0,5.54
723159-202603-6-10494632-239133-20260120,723159,202603,6,10494632,239133,GA,1/20/2026,190.51,30,57.15
723159-202603-6-10494632-254535-20260120,723159,202603,6,10494632,254535,IL,1/20/2026,186.35,30,55.91
723159-202603-6-10494880-254535-20260121,723159,202603,6,10494880,254535,IL,1/21/2026,10,0,3
723159-202603-6-10495090-252048-20260123,723159,202603,6,10495090,252048,IL,1/23/2026,6.46,30,4.52
723159-202603-6-10495919-252048-20260120,723159,202603,6,10495919,252048,IL,1/20/2026,30.35,0,21.25
723159-202603-6-10495919-252048-20260121,723159,202603,6,10495919,252048,IL,1/21/2026,3.62,0,2.53
723159-202603-6-10496252-239133-20260123,723159,202603,6,10496252,239133,GA,1/23/2026,93.05,30,27.92
723159-202603-6-10496252-254535-20260123,723159,202603,6,10496252,254535,IL,1/23/2026,121.63,0,36.49
723159-202603-6-10496296-190617-20260121,723159,202603,6,10496296,190617,GA,1/21/2026,384.02,30,115.21
723159-202603-6-10496580-239133-20260118,723159,202603,6,10496580,239133,GA,1/18/2026,166.93,30,50.08
723159-202603-6-10496580-239133-20260119,723159,202603,6,10496580,239133,GA,1/19/2026,8.17,9.02,2.45
723159-202603-6-10496580-254535-20260118,723159,202603,6,10496580,254535,IL,1/18/2026,163.85,30,49.16
723159-202603-6-10496580-254535-20260119,723159,202603,6,10496580,254535,IL,1/19/2026,8.97,8.25,2.69
723159-202603-6-10497448-190617-20260118,723159,202603,6,10497448,190617,GA,1/18/2026,112.34,0,33.7
723159-202603-6-10497561-239133-20260122,723159,202603,6,10497561,239133,GA,1/22/2026,87.38,30,26.21
723159-202603-6-10497561-254535-20260122,723159,202603,6,10497561,254535,IL,1/22/2026,54.68,0,16.4
723159-202603-6-10497845-243063-20260123,723159,202603,6,10497845,243063,MD,1/23/2026,239.98,60,167.99
723159-202603-6-10497845-243063-20260124,723159,202603,6,10497845,243063,MD,1/24/2026,60,0,42
723159-202603-6-10497845-244892-20260123,723159,202603,6,10497845,244892,NJ,1/23/2026,236.27,60,165.39
723159-202603-6-10497845-244892-20260124,723159,202603,6,10497845,244892,NJ,1/24/2026,60,0,42
723159-202603-6-10498098-252048-20260124,723159,202603,6,10498098,252048,IL,1/24/2026,6.76,56,4.73
723159-202603-6-10498156-254535-20260123,723159,202603,6,10498156,254535,IL,1/23/2026,15,0,4.5
723159-202603-6-10498270-243063-20260122,723159,202603,6,10498270,243063,MD,1/22/2026,21.36,30,14.95
723159-202603-6-10498270-244892-20260122,723159,202603,6,10498270,244892,NJ,1/22/2026,21.39,30,14.97
723159-202603-6-10498440-190617-20260120,723159,202603,6,10498440,190617,GA,1/20/2026,126.41,0,37.92
723159-202604-6-10486930-241794-20260125,723159,202604,6,10486930,241794,GA,1/25/2026,228.12,30,68.44
723159-202604-6-10486930-241794-20260126,723159,202604,6,10486930,241794,GA,1/26/2026,7.45,7.37,2.24
723159-202604-6-10486930-245403-20260125,723159,202604,6,10486930,245403,OH,1/25/2026,228.18,30,68.45
723159-202604-6-10493582-190617-20260125,723159,202604,6,10493582,190617,GA,1/25/2026,86.45,0,25.94
723159-202604-6-10493582-190617-20260126,723159,202604,6,10493582,190617,GA,1/26/2026,3.9,3.99,1.17
723159-202604-6-10493822-238746-20260125,723159,202604,6,10493822,238746,NC,1/25/2026,315.09,30,220.56
723159-202604-6-10493822-238746-20260126,723159,202604,6,10493822,238746,NC,1/26/2026,0.56,1.97,0.39
723159-202604-6-10493822-250887-20260126,723159,202604,6,10493822,250887,PA,1/26/2026,315.1,30,220.57
723159-202604-6-10494144-239030-20260126,723159,202604,6,10494144,239030,FL,1/26/2026,80.24,0,24.07
723159-202604-6-10494938-254535-20260125,723159,202604,6,10494938,254535,IL,1/25/2026,172.63,30,51.79
723159-202604-6-10494938-254535-20260126,723159,202604,6,10494938,254535,IL,1/26/2026,13.87,19.2,4.16
723159-202604-6-10495227-238678-20260125,723159,202604,6,10495227,238678,SC,1/25/2026,394.07,30,118.22
723159-202604-6-10495227-238678-20260126,723159,202604,6,10495227,238678,SC,1/26/2026,159.89,0,47.97
723159-202604-6-10495227-255245-20260125,723159,202604,6,10495227,255245,NE,1/25/2026,547.9,30,164.37
723159-202604-6-10495737-252048-20260127,723159,202604,6,10495737,252048,IL,1/27/2026,38.01,60,26.61
723159-202604-6-10497721-243063-20260127,723159,202604,6,10497721,243063,MD,1/27/2026,71.67,30,50.17
723159-202604-6-10497721-244892-20260127,723159,202604,6,10497721,244892,NJ,1/27/2026,41,0,28.7
723159-202604-6-10499181-254535-20260127,723159,202604,6,10499181,254535,IL,1/27/2026,30,0,6.42
723159-202604-6-10500021-238678-20260127,723159,202604,6,10500021,238678,SC,1/27/2026,71.24,30,21.37
723159-202604-6-10500021-255245-20260127,723159,202604,6,10500021,255245,NE,1/27/2026,44.63,30,13.39
723160-202603-6-10493899-238678-20260122,723160,202603,6,10493899,238678,SC,1/22/2026,399,0,119.7
723160-202603-6-10493899-250129-20260122,723160,202603,6,10493899,250129,IL,1/22/2026,243.51,0,73.05
723160-202603-6-10493899-255245-20260122,723160,202603,6,10493899,255245,NE,1/22/2026,459,0,137.7
723160-202603-6-10494155-238678-20260121,723160,202603,6,10494155,238678,SC,1/21/2026,87.25,30,26.18
723160-202603-6-10494155-250129-20260121,723160,202603,6,10494155,250129,IL,1/21/2026,91.4,30,27.42
723160-202603-6-10494155-255245-20260121,723160,202603,6,10494155,255245,NE,1/21/2026,76.74,30,23.02
723160-202603-6-10494381-238746-20260118,723160,202603,6,10494381,238746,NC,1/18/2026,362.73,30,108.82
723160-202603-6-10494381-238746-20260119,723160,202603,6,10494381,238746,NC,1/19/2026,11.62,0,3.49
723160-202603-6-10494381-250887-20260118,723160,202603,6,10494381,250887,PA,1/18/2026,370.79,30,111.24
723160-202603-6-10495089-238678-20260123,723160,202603,6,10495089,238678,SC,1/23/2026,249.77,30,74.93
723160-202603-6-10495089-255245-20260123,723160,202603,6,10495089,255245,NE,1/23/2026,239.73,30,71.92
723160-202603-6-10496490-238746-20260122,723160,202603,6,10496490,238746,NC,1/22/2026,203.93,30,61.18
723160-202603-6-10496490-250887-20260122,723160,202603,6,10496490,250887,PA,1/22/2026,194.61,30,58.38
723160-202603-6-10496730-238746-20260121,723160,202603,6,10496730,238746,NC,1/21/2026,17.55,0,5.27
723160-202603-6-10496730-238746-20260122,723160,202603,6,10496730,238746,NC,1/22/2026,2.31,30,0.69
723160-202603-6-10496730-250887-20260121,723160,202603,6,10496730,250887,PA,1/21/2026,17.51,0,5.25
723160-202603-6-10496730-250887-20260122,723160,202603,6,10496730,250887,PA,1/22/2026,2.29,30,0.69
723160-202603-6-10496911-238678-20260118,723160,202603,6,10496911,238678,SC,1/18/2026,297.96,30,89.39
723160-202603-6-10496911-255245-20260118,723160,202603,6,10496911,255245,NE,1/18/2026,315.95,30,94.79
723160-202603-6-10498699-238746-20260120,723160,202603,6,10498699,238746,NC,1/20/2026,38.79,30,11.64
723160-202603-6-10498699-250887-20260120,723160,202603,6,10498699,250887,PA,1/20/2026,38.83,30,11.65
723220-202553-6-10516000-254589-20260116,723220,202553,6,10516000,254589,TX,1/16/2026,208.79,67.27,62.64
723220-202553-6-10518821-238835-20260118,723220,202553,6,10518821,238835,FL,1/18/2026,344.73,30,103.42
723220-202553-6-10518821-238835-20260119,723220,202553,6,10518821,238835,FL,1/19/2026,561.92,30,168.58
723220-202553-6-10518821-245572-20260117,723220,202553,6,10518821,245572,PA,1/17/2026,104.5,30,31.35
723220-202553-6-10520867-183525-20260124,723220,202553,6,10520867,183525,NC,1/24/2026,141.71,30,42.51
723220-202553-6-10520867-238754-20260124,723220,202553,6,10520867,238754,AL,1/24/2026,182.23,30,54.67
723220-202553-6-10520867-249922-20260124,723220,202553,6,10520867,249922,NC,1/24/2026,141.69,30,42.51
723220-202553-6-10520867-253454-20260123,723220,202553,6,10520867,253454,NC,1/23/2026,145.64,0,43.69
723223-202601-6-10515517-196157-20260118,723223,202601,6,10515517,196157,TX,1/18/2026,970,0,679
723223-202601-6-10515517-252633-20260118,723223,202601,6,10515517,252633,LA,1/18/2026,458.46,0,320.92
723223-202601-6-10515517-256804-20260118,723223,202601,6,10515517,256804,IN,1/18/2026,156.75,0,109.73
723223-202601-6-10515539-238801-20260118,723223,202601,6,10515539,238801,DE,1/18/2026,321.59,60,225.11
723223-202601-6-10515539-238801-20260119,723223,202601,6,10515539,238801,DE,1/19/2026,60.13,30,42.09
723223-202601-6-10515539-246930-20260117,723223,202601,6,10515539,246930,MO,1/17/2026,460.2,0,322.14
723223-202601-6-10515539-250129-20260123,723223,202601,6,10515539,250129,IL,1/23/2026,449.1,0,314.37
723223-202601-6-10515539-251673-20260124,723223,202601,6,10515539,251673,GA,1/24/2026,456.37,0,319.46
723223-202601-6-10515539-251673-20260125,723223,202601,6,10515539,251673,GA,1/25/2026,353.33,0,247.33
723223-202601-6-10515539-253666-20260117,723223,202601,6,10515539,253666,GA,1/17/2026,557.6,0,390.32
723223-202601-6-10515539-253666-20260118,723223,202601,6,10515539,253666,GA,1/18/2026,290.36,0,203.25
723223-202601-6-10515539-253802-20260117,723223,202601,6,10515539,253802,GA,1/17/2026,367.06,0,256.94
723223-202601-6-10515539-253802-20260118,723223,202601,6,10515539,253802,GA,1/18/2026,290.32,0,203.22
723262-202602-6-11274041-249832-20260116,723262,202602,6,11274041,249832,MS,1/16/2026,287.53,14.54,86.26
723262-202602-6-11274041-253357-20260119,723262,202602,6,11274041,253357,NC,1/19/2026,381.03,30,114.31
723262-202603-6-11274085-187904-20260118,723262,202603,6,11274085,187904,MS,1/18/2026,56.13,30,16.84
723262-202603-6-11274085-241702-20260122,723262,202603,6,11274085,241702,AL,1/22/2026,215.34,30,64.6
723262-202603-6-11274085-252445-20260118,723262,202603,6,11274085,252445,AL,1/18/2026,227,0,68.1
723262-202604-6-11274063-218967-20260124,723262,202604,6,11274063,218967,NY,1/24/2026,334.67,30,100.4
723262-202604-6-11274063-239852-20260123,723262,202604,6,11274063,239852,MS,1/23/2026,234.91,30,70.47
723262-202604-6-11274063-249832-20260123,723262,202604,6,11274063,249832,MS,1/23/2026,236.48,30,70.94
723262-202604-6-11274096-109025-20260122,723262,202604,6,11274096,109025,AZ,1/22/2026,315.57,30,94.67
723262-202604-6-11274096-109025-20260125,723262,202604,6,11274096,109025,AZ,1/25/2026,19.91,0,5.97
723262-202604-6-11274096-237068-20260122,723262,202604,6,11274096,237068,AL,1/22/2026,370,0,111
723262-202604-6-11274096-237068-20260123,723262,202604,6,11274096,237068,AL,1/23/2026,120,0,36
723262-202604-6-11274096-237068-20260124,723262,202604,6,11274096,237068,AL,1/24/2026,88.3,0,26.49
723262-202604-6-11274096-237068-20260125,723262,202604,6,11274096,237068,AL,1/25/2026,19.98,20.65,5.99
723262-202604-6-11274100-247003-20260123,723262,202604,6,11274100,247003,TX,1/23/2026,911.52,30,273.46
723262-202604-6-11274100-247003-20260125,723262,202604,6,11274100,247003,TX,1/25/2026,13.29,16.79,3.99
723262-202604-6-11274100-252583-20260123,723262,202604,6,11274100,252583,LA,1/23/2026,790,0,237
723262-202604-6-11274100-252583-20260124,723262,202604,6,11274100,252583,LA,1/24/2026,85.29,0,25.59
723262-202604-6-11274100-252583-20260125,723262,202604,6,11274100,252583,LA,1/25/2026,16.79,16.76,5.04
723262-202604-6-11274100-255822-20260124,723262,202604,6,11274100,255822,MS,1/24/2026,557.52,30,167.26
723262-202604-6-11274100-256183-20260124,723262,202604,6,11274100,256183,MS,1/24/2026,557.88,30,167.36
723274-202553-6-10519493-251345-20260123,723274,202553,6,10519493,251345,DE,1/23/2026,131.95,30,39.59
723274-202553-6-10519493-254836-20260123,723274,202553,6,10519493,254836,WV,1/23/2026,300.38,37.82,90.11
723274-202553-6-10523322-186781-20260118,723274,202553,6,10523322,186781,NC,1/18/2026,293.27,0,87.98
723274-202553-6-10523322-186781-20260123,723274,202553,6,10523322,186781,NC,1/23/2026,325.36,0,97.61
723274-202553-6-10523322-187099-20260118,723274,202553,6,10523322,187099,NC,1/18/2026,316.59,30,94.98
723274-202553-6-10523322-187099-20260123,723274,202553,6,10523322,187099,NC,1/23/2026,325.61,0,97.68
723274-202553-6-10523322-190930-20260118,723274,202553,6,10523322,190930,NC,1/18/2026,329.06,0,98.72
723274-202553-6-10523322-190930-20260123,723274,202553,6,10523322,190930,NC,1/23/2026,330.66,0,99.2
723274-202553-6-10523322-248703-20260120,723274,202553,6,10523322,248703,NC,1/20/2026,320.84,30,96.25
723274-202553-6-10523322-253597-20260125,723274,202553,6,10523322,253597,SC,1/25/2026,182,0,54.6
723274-202553-6-10523322-255395-20260118,723274,202553,6,10523322,255395,NC,1/18/2026,329.74,0,98.92
723274-202553-6-10523821-182181-20260118,723274,202553,6,10523821,182181,VA,1/18/2026,617.71,30,185.31
723274-202553-6-10523821-235162-20260124,723274,202553,6,10523821,235162,TN,1/24/2026,303.98,30,91.19
723274-202553-6-10523821-240557-20260123,723274,202553,6,10523821,240557,GA,1/23/2026,395.52,0,118.66
723274-202553-6-10523821-243261-20260118,723274,202553,6,10523821,243261,MS,1/18/2026,559.04,0,167.71
723274-202553-6-10523821-243261-20260124,723274,202553,6,10523821,243261,MS,1/24/2026,259.02,60,77.71
723274-202553-6-10523821-243261-20260125,723274,202553,6,10523821,243261,MS,1/25/2026,702,0,210.6
723274-202553-6-10523821-243407-20260123,723274,202553,6,10523821,243407,IL,1/23/2026,145.61,0,43.68
723274-202553-6-10523821-244080-20260124,723274,202553,6,10523821,244080,GA,1/24/2026,495,0,148.5
723274-202553-6-10523821-250320-20260122,723274,202553,6,10523821,250320,GA,1/22/2026,329.96,0,98.99
723274-202553-6-10523821-250357-20260122,723274,202553,6,10523821,250357,GA,1/22/2026,329.87,0,98.96
723274-202553-6-10523821-250663-20260123,723274,202553,6,10523821,250663,MS,1/23/2026,187.34,30,56.2
723274-202553-6-10523821-251095-20260123,723274,202553,6,10523821,251095,MS,1/23/2026,187.34,30,56.2
723274-202553-6-10523821-253299-20260124,723274,202553,6,10523821,253299,IN,1/24/2026,164.1,60,49.23
723283-202545-6-9192170-205941-20260116,723283,202545,6,9192170,205941,OK,1/16/2026,165.79,47.86,116.05
723283-202545-6-9192170-205941-20260117,723283,202545,6,9192170,205941,OK,1/17/2026,980.37,0,686.26
723283-202545-6-9192170-205941-20260118,723283,202545,6,9192170,205941,OK,1/18/2026,734.27,0,513.99
723283-202545-6-9192170-227756-20260116,723283,202545,6,9192170,227756,TX,1/16/2026,691.36,47.31,483.95
723283-202545-6-9192170-227756-20260118,723283,202545,6,9192170,227756,TX,1/18/2026,902.06,0,631.44
723283-202545-6-9192170-252039-20260116,723283,202545,6,9192170,252039,NV,1/16/2026,333.65,58.24,233.56
723283-202545-6-9192170-252039-20260117,723283,202545,6,9192170,252039,NV,1/17/2026,197.25,0,138.08
723284-202601-6-9194857-237396-20260118,723284,202601,6,9194857,237396,SC,1/18/2026,4.15,30,1.25
723284-202601-6-9194857-237396-20260119,723284,202601,6,9194857,237396,SC,1/19/2026,21.65,60,6.5
723284-202601-6-9194857-237396-20260120,723284,202601,6,9194857,237396,SC,1/20/2026,10.45,49.75,3.14
723284-202601-6-9194857-258591-20260115,723284,202601,6,9194857,258591,NC,1/15/2026,22.11,60,6.63
723284-202601-6-9194857-258591-20260116,723284,202601,6,9194857,258591,NC,1/16/2026,10.74,30,3.22
723284-202601-6-9194857-258591-20260118,723284,202601,6,9194857,258591,NC,1/18/2026,11.11,30,3.33
723284-202601-6-9194857-258591-20260119,723284,202601,6,9194857,258591,NC,1/19/2026,20.44,60,6.13
723284-202601-6-9194857-258591-20260120,723284,202601,6,9194857,258591,NC,1/20/2026,11.18,30,3.35
723284-202601-6-9194857-258591-20260121,723284,202601,6,9194857,258591,NC,1/21/2026,11.26,30,3.38
723284-202601-6-9194857-258591-20260122,723284,202601,6,9194857,258591,NC,1/22/2026,22.4,60,6.72
723284-202601-6-9194857-258591-20260123,723284,202601,6,9194857,258591,NC,1/23/2026,11.24,30,3.37
723284-202601-6-9194857-258672-20260115,723284,202601,6,9194857,258672,NC,1/15/2026,6.08,30,1.82
723284-202601-6-9194857-258672-20260118,723284,202601,6,9194857,258672,NC,1/18/2026,6.09,30,1.83
723284-202601-6-9194857-258672-20260119,723284,202601,6,9194857,258672,NC,1/19/2026,12.05,60.19,3.62
723284-202601-6-9194857-258672-20260120,723284,202601,6,9194857,258672,NC,1/20/2026,6.08,30,1.82
723284-202601-6-9194857-258672-20260121,723284,202601,6,9194857,258672,NC,1/21/2026,13.24,60.15,3.97
723284-202601-6-9194857-258672-20260122,723284,202601,6,9194857,258672,NC,1/22/2026,12.17,60,3.65
723284-202601-6-9194857-258672-20260123,723284,202601,6,9194857,258672,NC,1/23/2026,5.43,30.72,1.63
723284-202601-6-9194857-258672-20260125,723284,202601,6,9194857,258672,NC,1/25/2026,12.07,60.22,3.62
723284-202601-6-9194857-258713-20260115,723284,202601,6,9194857,258713,NC,1/15/2026,13.23,60,3.97
723284-202601-6-9194857-258713-20260116,723284,202601,6,9194857,258713,NC,1/16/2026,5.9,30,1.77
723284-202601-6-9194857-258713-20260118,723284,202601,6,9194857,258713,NC,1/18/2026,6.76,30,2.03
723284-202601-6-9194857-258713-20260119,723284,202601,6,9194857,258713,NC,1/19/2026,13.5,0,4.05
723284-202601-6-9194857-258713-20260120,723284,202601,6,9194857,258713,NC,1/20/2026,13.16,60,3.95
723284-202601-6-9194857-258713-20260121,723284,202601,6,9194857,258713,NC,1/21/2026,43,0,12.9
723284-202601-6-9194857-258713-20260122,723284,202601,6,9194857,258713,NC,1/22/2026,43,0,12.9
723284-202601-6-9194857-258713-20260123,723284,202601,6,9194857,258713,NC,1/23/2026,6.96,0,2.09
723287-202603-6-9188129-196376-20260117,723287,202603,6,9188129,196376,MS,1/17/2026,548.94,30,384.26
723287-202603-6-9188129-223282-20260117,723287,202603,6,9188129,223282,MS,1/17/2026,559.69,0,391.78
723287-202603-6-9188129-247884-20260117,723287,202603,6,9188129,247884,IL,1/17/2026,177.85,30,124.5
723287-202603-6-9188129-247884-20260118,723287,202603,6,9188129,247884,IL,1/18/2026,4.87,0,3.41
723287-202603-6-9188129-251448-20260117,723287,202603,6,9188129,251448,WI,1/17/2026,321.45,30,225.02
723287-202603-6-9188129-251448-20260118,723287,202603,6,9188129,251448,WI,1/18/2026,5.05,0,3.54
723287-202603-6-9188129-251851-20260118,723287,202603,6,9188129,251851,IL,1/18/2026,284.51,30,199.16
723287-202603-6-9188129-253075-20260117,723287,202603,6,9188129,253075,IL,1/17/2026,179.43,30,125.6
723287-202603-6-9188129-253075-20260118,723287,202603,6,9188129,253075,IL,1/18/2026,4.87,0,3.41
723287-202603-6-9188129-258587-20260123,723287,202603,6,9188129,258587,MO,1/23/2026,6,0,4.2
723287-202603-6-9188129-258926-20260118,723287,202603,6,9188129,258926,IL,1/18/2026,32.87,31.23,23.01
723287-202603-6-9188129-258926-20260119,723287,202603,6,9188129,258926,IL,1/19/2026,33.45,30,23.42
723287-202603-6-9188129-258962-20260118,723287,202603,6,9188129,258962,IL,1/18/2026,7.63,30,5.34
723287-202603-6-9188129-258962-20260122,723287,202603,6,9188129,258962,IL,1/22/2026,7.48,30.04,5.24
723287-202603-6-9188129-258997-20260118,723287,202603,6,9188129,258997,IL,1/18/2026,284.92,30,199.44
723288-202604-6-9228880-196496-20260123,723288,202604,6,9228880,196496,LA,1/23/2026,612.57,30,183.77
723288-202604-6-9228880-196496-20260124,723288,202604,6,9228880,196496,LA,1/24/2026,449.74,0,134.92
723288-202604-6-9228880-205941-20260123,723288,202604,6,9228880,205941,OK,1/23/2026,926.99,30,278.1
723288-202604-6-9228880-210607-20260123,723288,202604,6,9228880,210607,TX,1/23/2026,550.79,30,165.24
723288-202604-6-9228880-227756-20260123,723288,202604,6,9228880,227756,TX,1/23/2026,769.6,30,230.88
723288-202604-6-9228880-227756-20260125,723288,202604,6,9228880,227756,TX,1/25/2026,0.71,0,0.21
723288-202604-6-9228880-249543-20260124,723288,202604,6,9228880,249543,NV,1/24/2026,607.08,30,182.12
723288-202604-6-9228880-252039-20260123,723288,202604,6,9228880,252039,NV,1/23/2026,256.32,30,76.9
723288-202604-6-9228880-258590-20260122,723288,202604,6,9228880,258590,WA,1/22/2026,584.75,0,175.43
723288-202604-6-9228880-258665-20260125,723288,202604,6,9228880,258665,NM,1/25/2026,21.67,30,6.5
723288-202604-6-9228880-258834-20260126,723288,202604,6,9228880,258834,NM,1/26/2026,17.3,30,5.19
723288-202604-6-9228880-259112-20260124,723288,202604,6,9228880,259112,NV,1/24/2026,302.87,30,90.86
723289-202604-6-9205964-190196-20260123,723289,202604,6,9205964,190196,GA,1/23/2026,281.77,30,84.53
723289-202604-6-9205964-190196-20260124,723289,202604,6,9205964,190196,GA,1/24/2026,299.43,0,89.83
723289-202604-6-9205964-190196-20260125,723289,202604,6,9205964,190196,GA,1/25/2026,10.6,0,3.18
723289-202604-6-9205964-219361-20260123,723289,202604,6,9205964,219361,NC,1/23/2026,364.28,0,109.28
723289-202604-6-9205964-219361-20260124,723289,202604,6,9205964,219361,NC,1/24/2026,420.04,0,126.01
723304-202602-6-9213328-253798-20260118,723304,202602,6,9213328,253798,MN,1/18/2026,209.26,30,62.78
723304-202602-6-9213328-258771-20260114,723304,202602,6,9213328,258771,MN,1/14/2026,21.58,0,6.47
723304-202602-6-9213328-258771-20260119,723304,202602,6,9213328,258771,MN,1/19/2026,10.78,30,3.23
723304-202602-6-9213328-258771-20260120,723304,202602,6,9213328,258771,MN,1/20/2026,21.66,0,6.5
723304-202602-6-9213328-258826-20260114,723304,202602,6,9213328,258826,MN,1/14/2026,4.75,60,1.43
723304-202602-6-9213328-258826-20260115,723304,202602,6,9213328,258826,MN,1/15/2026,4.03,0,1.21
723304-202602-6-9213328-258826-20260116,723304,202602,6,9213328,258826,MN,1/16/2026,2.37,30,0.71
723304-202602-6-9213328-258826-20260120,723304,202602,6,9213328,258826,MN,1/20/2026,4.77,60,1.43
723304-202602-6-9213328-258826-20260121,723304,202602,6,9213328,258826,MN,1/21/2026,4.76,60,1.43
723304-202602-6-9213328-258826-20260122,723304,202602,6,9213328,258826,MN,1/22/2026,3.49,60,1.05
723304-202602-6-9213328-258826-20260125,723304,202602,6,9213328,258826,MN,1/25/2026,2.38,30,0.71
723304-202602-6-9213328-258826-20260126,723304,202602,6,9213328,258826,MN,1/26/2026,2.43,31.39,0.73
723304-202602-6-9213328-259218-20260119,723304,202602,6,9213328,259218,MN,1/19/2026,7.12,30,2.14
723304-202602-6-9213328-259218-20260122,723304,202602,6,9213328,259218,MN,1/22/2026,8.1,30,2.43
723304-202602-6-9213328-259218-20260125,723304,202602,6,9213328,259218,MN,1/25/2026,9.5,30,2.85
723304-202602-6-9213328-259218-20260127,723304,202602,6,9213328,259218,MN,1/27/2026,9.19,30,2.76
723310-202601-6-9213678-254139-20260115,723310,202601,6,9213678,254139,NC,1/15/2026,103.82,0,31.15
723310-202601-6-9213678-254139-20260116,723310,202601,6,9213678,254139,NC,1/16/2026,45.15,30,13.55
723310-202601-6-9213678-254139-20260119,723310,202601,6,9213678,254139,NC,1/19/2026,40.4,30,12.12
723310-202601-6-9213678-254139-20260120,723310,202601,6,9213678,254139,NC,1/20/2026,92.65,0,27.8
723310-202601-6-9213678-254139-20260121,723310,202601,6,9213678,254139,NC,1/21/2026,79.43,0,23.83
723310-202601-6-9213678-254139-20260122,723310,202601,6,9213678,254139,NC,1/22/2026,76.8,60,23.04
723310-202601-6-9213678-254139-20260123,723310,202601,6,9213678,254139,NC,1/23/2026,37.76,30,11.33
723310-202601-6-9213678-258696-20260115,723310,202601,6,9213678,258696,NC,1/15/2026,12.09,30.44,3.63
723310-202601-6-9213678-258696-20260118,723310,202601,6,9213678,258696,NC,1/18/2026,10.69,30,3.21
723310-202601-6-9213678-258696-20260120,723310,202601,6,9213678,258696,NC,1/20/2026,23.83,0,7.15
723310-202601-6-9213678-258696-20260122,723310,202601,6,9213678,258696,NC,1/22/2026,18.24,75.45,5.47
723310-202601-6-9213678-259008-20260118,723310,202601,6,9213678,259008,NC,1/18/2026,3.39,0,1.02
723310-202601-6-9213678-259008-20260119,723310,202601,6,9213678,259008,NC,1/19/2026,5.17,0,1.55
723310-202601-6-9213678-259008-20260120,723310,202601,6,9213678,259008,NC,1/20/2026,35,0,10.5
723310-202601-6-9213678-259008-20260121,723310,202601,6,9213678,259008,NC,1/21/2026,35,0,10.5
723310-202601-6-9213678-259008-20260122,723310,202601,6,9213678,259008,NC,1/22/2026,1.69,30,0.51
723317-202604-6-10523741-249739-20260123,723317,202604,6,10523741,249739,VA,1/23/2026,320.46,30,96.14
723317-202604-6-10523741-252314-20260123,723317,202604,6,10523741,252314,OK,1/23/2026,338.34,30,101.5
723317-202604-6-10523741-252314-20260124,723317,202604,6,10523741,252314,OK,1/24/2026,298.53,0,89.56
723317-202604-6-10523741-258911-20260124,723317,202604,6,10523741,258911,WV,1/24/2026,207.46,30,62.24
723317-202604-6-10527200-186781-20260124,723317,202604,6,10527200,186781,NC,1/24/2026,634.28,30,190.28
723317-202604-6-10527200-187099-20260124,723317,202604,6,10527200,187099,NC,1/24/2026,301.62,30,90.49
723317-202604-6-10527200-255395-20260124,723317,202604,6,10527200,255395,NC,1/24/2026,634,0,190.2
