travel_id,travel_dt,Start_latitude,Start_longitude,End_latitude,End_longitude,travel_distance
722887-202601-6-10988122-253064-20260115,1/15/2026,34.0761531,-84.6531546,31.237817,-88.9183276,402.31
722887-202601-6-10996517-249742-20260115,1/15/2026,34.8364449,-82.41206455,33.72787284,-84.93896368,177.65
722887-202601-6-10997371-222042-20260115,1/15/2026,32.6362202,-85.4083019,36.3371852,-79.6235072,457.64
722887-202601-6-10997371-254514-20260115,1/15/2026,32.6362226,-85.4083519,34.8299841,-82.3472768,251.77
722887-202601-6-10997371-254514-20260115,1/15/2026,34.8297629,-82.3460544,36.0863788,-79.6604875,194.4
722887-202601-6-11265346-179978-20260118,1/18/2026,39.9082598,-86.0789311,42.3266512,-83.3050474,271.62
722887-202601-6-11265346-246824-20260118,1/18/2026,39.908039,-86.0784912,40.0175472,-81.5603076,261.29
722887-202601-6-11281910-254198-20260116,1/16/2026,38.91050208,-104.8161654,38.08430784,-103.5664185,110.88
722887-202602-6-10987902-249312-20260121,1/21/2026,32.80249042,-79.89311325,38.75402587,-76.82413395,544.18
722887-202602-6-10987902-252970-20260120,1/20/2026,32.8020623,-79.89332927,34.97837435,-80.99820059,190.16
722887-202602-6-10987902-253504-20260122,1/22/2026,32.80355647,-79.89169307,33.79232992,-84.00905889,287.04
722887-202602-6-10987924-229785-20260122,1/22/2026,32.80234918,-79.89355426,38.10010174,-84.48195484,544.77
722887-202602-6-10987924-238050-20260121,1/21/2026,32.7978404,-79.8968572,32.9537061,-80.1651164,24.93
722887-202602-6-10987924-238050-20260121,1/21/2026,32.9536906,-80.1639644,32.8026116,-79.8929528,24.58
722887-202602-6-10987924-238050-20260121,1/21/2026,32.8025051,-79.8930174,33.5606149,-83.4787346,243.16
722887-202602-6-10987924-238050-20260122,1/22/2026,34.1381242,-84.7369779,35.0311936,-85.311553,78.27
722887-202602-6-10987924-238050-20260122,1/22/2026,35.0309321,-85.3117808,36.0416103,-89.4092803,300.08
722887-202602-6-10987924-248888-20260122,1/22/2026,32.7973897,-79.8973162,33.6137717,-85.8069083,384.75
722887-202602-6-10987924-248888-20260123,1/23/2026,33.4855453,-86.8257486,35.8390811,-95.3861981,604.13
722887-202602-6-10987924-256715-20260122,1/22/2026,32.82294351,-79.95333177,35.90838864,-84.87529946,426.75
722887-202602-6-10987924-256715-20260122,1/22/2026,35.90829275,-84.87522569,37.09483942,-93.80866207,574.94
722887-202602-6-10987924-256715-20260122,1/22/2026,37.07693725,-94.04579342,37.13851393,-94.4761868,28.84
722887-202602-6-10988010-241843-20260121,1/21/2026,34.21155696,-82.17483954,34.15414514,-82.13878274,6.78
722887-202602-6-10988010-241843-20260121,1/21/2026,34.17089067,-82.14374116,34.21152983,-82.17502921,3.66
722887-202602-6-10988010-254978-20260121,1/21/2026,34.21210605,-82.17490844,34.15405491,-82.13865594,6.87
722887-202602-6-10988010-254978-20260121,1/21/2026,34.15433445,-82.13861009,30.76411589,-89.85249453,607.59
722887-202602-6-10988010-255198-20260119,1/19/2026,34.030875,-81.10213165,34.70729949,-82.24372202,82.55
722887-202602-6-10988010-255198-20260120,1/20/2026,34.69080415,-82.22244943,34.1538795,-82.13869256,44.93
722887-202602-6-10988010-255198-20260120,1/20/2026,34.15369382,-82.13885015,34.7077238,-82.24351553,47.77
722887-202602-6-10988010-255198-20260121,1/21/2026,34.70733983,-82.24382096,34.15372677,-82.13860045,46.89
722887-202602-6-10988010-255198-20260121,1/21/2026,34.15415866,-82.13870975,34.70717593,-82.24406899,47.71
722887-202602-6-10988010-255198-20260121,1/21/2026,34.70712607,-82.24405314,35.68649693,-84.69857472,254
722887-202602-6-10988010-258721-20260121,1/21/2026,34.212023,-82.17477167,34.15384149,-82.13893938,6.86
722887-202602-6-10988010-258721-20260121,1/21/2026,34.15399125,-82.13872325,34.50140155,-81.75089836,38.93
722887-202602-6-10988010-258721-20260121,1/21/2026,34.50559244,-81.7455661,34.91816589,-81.00270672,57.03
722887-202602-6-10988053-187959-20260122,1/22/2026,33.5115899,-82.04065999,33.77209575,-81.9141856,25.12
722887-202602-6-10988053-187959-20260122,1/22/2026,33.77161494,-81.91377071,33.51422771,-82.05730462,25.51
722887-202602-6-10988053-187959-20260123,1/23/2026,29.93346694,-90.0078648,29.83592869,-95.64608777,373.2
722887-202602-6-10988053-235526-20260122,1/22/2026,33.77167449,-81.91370378,33.93989254,-80.91809452,79.51
722887-202602-6-10988053-236086-20260122,1/22/2026,33.51172326,-82.04615656,33.7718141,-81.91425574,25.45
722887-202602-6-10988053-236086-20260122,1/22/2026,33.77179145,-81.91427216,33.51163002,-82.04605946,24.99
722887-202602-6-10988053-236086-20260122,1/22/2026,33.51170698,-82.04601943,33.36393405,-81.99366508,14.49
722887-202602-6-10988053-236086-20260122,1/22/2026,33.35993644,-81.98990518,29.13769716,-82.19971701,353.04
722887-202602-6-10988053-239440-20260122,1/22/2026,34.03150336,-81.10652388,33.77212591,-81.91425565,60.95
722887-202602-6-10988053-239440-20260122,1/22/2026,33.77087661,-81.91134751,30.47127715,-90.3016335,638.12
722887-202602-6-10988053-258692-20260122,1/22/2026,33.5117963,-82.0461413,33.7718251,-81.914413,25.45
722887-202602-6-10988053-258692-20260122,1/22/2026,33.6544446,-81.8616658,33.6403441,-81.676722,16.16
722887-202602-6-10988053-258692-20260122,1/22/2026,33.6260119,-81.7334931,33.797458,-79.0020026,190.36
722887-202602-6-10996244-235667-20260123,1/23/2026,36.16163807,-86.76071933,31.58300292,-84.08478004,422.97
722887-202602-6-10996244-253743-20260121,1/21/2026,34.04490199,-81.1222817,33.91154681,-81.22806959,13.83
722887-202602-6-10996244-253743-20260121,1/21/2026,33.91196833,-81.22770856,33.91165435,-81.22809592,0.1
722887-202602-6-10996244-253743-20260121,1/21/2026,33.91162566,-81.22801996,35.2315216,-80.880188,107.45
722887-202602-6-10996244-254914-20260121,1/21/2026,34.03036845,-81.11287014,33.91145921,-81.22796132,12.96
722887-202602-6-10996244-254914-20260121,1/21/2026,34.0309112,-81.1019907,35.44032644,-84.59418027,315.45
722887-202602-6-10996302-243463-20260122,1/22/2026,34.0309134,-81.1023204,35.4434172,-82.5364041,138.99
722887-202602-6-10996302-243463-20260122,1/22/2026,35.554684,-82.717866,41.164452,-87.2706203,577.56
722887-202602-6-10996302-249260-20260122,1/22/2026,34.0310315,-81.1021509,35.4433592,-82.53642,138.98
722887-202602-6-10996302-249260-20260122,1/22/2026,35.4585483,-82.5419944,41.1644238,-87.2706128,594.54
722887-202602-6-10996302-249260-20260123,1/23/2026,41.1643975,-87.2706004,41.483936,-87.7419604,57.96
722887-202602-6-10996540-248460-20260122,1/22/2026,39.2168567,-78.14146,40.6742753,-75.3424637,199.81
722887-202602-6-10996540-248460-20260122,1/22/2026,40.6738283,-75.3429433,41.7167217,-74.3940683,102.88
722887-202602-6-10996540-248517-20260121,1/21/2026,34.69057465,-82.98906708,34.52002226,-89.06396493,421.44
722887-202602-6-10996540-248517-20260122,1/22/2026,34.5526352,-89.13228607,34.76511383,-89.46795655,25.52
722887-202602-6-10996540-248517-20260122,1/22/2026,34.93334198,-89.88009643,36.26662305,-92.53713534,229.48
722887-202602-6-10996540-253592-20260121,1/21/2026,34.7000354,-82.4756272,35.9161851,-84.0919618,191.38
722887-202602-6-10996540-253592-20260122,1/22/2026,35.9156052,-84.0930447,41.9776004,-88.1313411,572.52
722887-202602-6-10996540-259167-20260121,1/21/2026,34.70022638,-82.47451977,38.36817868,-81.72863282,377.42
722887-202602-6-10996550-248627-20260122,1/22/2026,34.6875702,-82.9963377,40.8654277,-76.7843194,670.59
722887-202602-6-10996550-250259-20260122,1/22/2026,34.68757609,-82.99488109,38.66150206,-75.59119958,645.88
722887-202602-6-10996550-258709-20260122,1/22/2026,34.59781251,-82.65908576,33.95884375,-81.09087747,121.54
722887-202602-6-10996550-258709-20260122,1/22/2026,33.95881828,-81.09087143,33.662067,-79.83522891,86.78
722887-202602-6-10996550-259249-20260120,1/20/2026,34.68748707,-82.99597915,33.92709472,-83.99754077,91.12
722887-202602-6-10996561-232147-20260123,1/23/2026,34.7763678,-82.3192355,36.1042883,-87.2188202,413.71
722887-202602-6-10996561-239541-20260122,1/22/2026,30.24070998,-92.31991777,29.7794599,-95.60135259,212.11
722887-202602-6-10996561-242309-20260123,1/23/2026,34.6265151,-82.1012135,34.8144596,-79.6195504,193.42
722887-202602-6-10996561-259020-20260122,1/22/2026,34.77590797,-82.31952877,35.003321,-78.97200835,251.8
722887-202602-6-10996561-259314-20260122,1/22/2026,34.77625633,-82.319539,35.13082117,-78.90028933,266.94
722887-202602-6-10996641-203622-20260122,1/22/2026,33.54062034,-82.13420408,35.06588058,-78.95124675,241.56
722887-202602-6-10996641-234511-20260122,1/22/2026,33.51231391,-82.04592671,33.4760608,-82.4953836,28.08
722887-202602-6-10996641-234786-20260122,1/22/2026,33.51192701,-82.04611833,33.47617432,-82.4954727,28.16
722887-202602-6-10996700-241462-20260122,1/22/2026,33.92260777,-84.21110798,30.83534531,-83.26882489,242.85
722887-202602-6-10996700-249905-20260122,1/22/2026,33.91208151,-84.21033879,30.21606315,-91.98006004,597.74
722887-202602-6-10996776-225682-20260122,1/22/2026,34.07466692,-84.65429383,33.46740686,-84.22057048,56.85
722887-202602-6-10996776-225682-20260122,1/22/2026,33.43579828,-84.19027546,32.33644068,-82.4094444,143.22
722887-202602-6-10996925-253775-20260121,1/21/2026,33.57971189,-84.3417225,33.42895993,-84.45768492,14.68
722887-202602-6-10996925-253775-20260121,1/21/2026,33.42867717,-84.4577875,37.80671607,-82.81023051,444.64
722887-202602-6-10997021-234311-20260121,1/21/2026,33.5798488,-84.34184429,33.63506008,-84.29008928,6.93
722887-202602-6-10997021-234311-20260121,1/21/2026,33.6351479,-84.29041795,32.01337409,-89.57598408,375.78
722887-202602-6-10997021-236475-20260122,1/22/2026,33.5789587,-84.3418891,33.5527937,-86.8057926,159.65
722887-202602-6-10997225-254618-20260122,1/22/2026,32.65727233,-83.74626923,32.36118878,-86.24527343,165.57
722887-202602-6-10997225-254618-20260122,1/22/2026,30.40544608,-89.25022032,30.311101,-89.76891668,33.19
722887-202602-6-10997225-254618-20260122,1/22/2026,30.311101,-89.76891668,30.42594711,-91.07259118,81.78
722887-202602-6-10997350-239485-20260121,1/21/2026,32.57627,-84.960895,33.9248913,-84.3520127,114.74
722887-202602-6-11148659-233547-20260122,1/22/2026,40.34626353,-75.9662034,40.41636668,-75.92268122,8.84
722887-202602-6-11148659-233547-20260122,1/22/2026,40.41653835,-75.92312712,35.2540109,-84.83798155,671.44
722887-202602-6-11148659-233547-20260122,1/22/2026,35.25015154,-84.84035617,31.18492733,-90.20985499,470.33
722887-202602-6-11148659-240377-20260121,1/21/2026,40.34568,-75.9640265,40.41670214,-75.92301219,8.7
722887-202602-6-11148659-240377-20260121,1/21/2026,40.41668217,-75.92325617,40.21623592,-76.99260934,75.68
722887-202602-6-11148659-240377-20260121,1/21/2026,40.21624854,-76.99261401,40.3462092,-75.96638729,67.18
722887-202602-6-11148659-240377-20260122,1/22/2026,40.34618617,-75.96605717,40.21633939,-76.9921288,67.71
722887-202602-6-11148659-240377-20260122,1/22/2026,40.21619327,-76.99189304,40.3462013,-75.96620424,67.06
722887-202602-6-11148659-240377-20260123,1/23/2026,40.346316,-75.96619764,40.21614112,-76.99183456,67.7
722887-202602-6-11148659-240377-20260123,1/23/2026,40.21631333,-76.99168467,40.34630927,-75.96634829,67.06
722887-202602-6-11148659-254114-20260121,1/21/2026,40.41661144,-75.9232643,40.21648934,-76.99202002,75.49
722887-202602-6-11148659-254114-20260122,1/22/2026,40.34618617,-75.96605717,40.21622054,-76.99183177,67.69
722887-202602-6-11148659-254114-20260122,1/22/2026,40.21629682,-76.99174711,40.34609798,-75.96657109,67.09
722887-202602-6-11148659-254114-20260123,1/23/2026,40.34642573,-75.9659858,40.21636498,-76.99174372,67.68
722887-202602-6-11148659-254114-20260123,1/23/2026,40.21619366,-76.99176641,40.34610163,-75.96655467,67.09
722887-202602-6-11148659-256037-20260121,1/21/2026,40.41651182,-75.92337684,40.2164907,-76.99202574,75.5
722887-202602-6-11216872-237047-20260122,1/22/2026,32.80243386,-79.89286457,32.44461274,-85.00388891,355.14
722887-202602-6-11216872-240535-20260121,1/21/2026,32.8024891,-79.8930913,32.9150726,-80.107118,19.2
722887-202602-6-11216872-240535-20260121,1/21/2026,32.9150423,-80.1069162,30.4504976,-91.2460565,813.05
722887-202602-6-11216872-251686-20260121,1/21/2026,32.8025114,-79.89312075,32.91468594,-80.10738774,19.2
722887-202602-6-11216872-251686-20260121,1/21/2026,32.9147276,-80.10726293,31.41965041,-87.00806726,523.12
722887-202602-6-11216872-251686-20260122,1/22/2026,30.44850379,-91.24480202,29.99978163,-91.83654125,64.18
722887-202602-6-11216872-259224-20260122,1/22/2026,32.76156621,-80.52437741,32.03477001,-85.1139062,337.41
722887-202602-6-11265357-236999-20260122,1/22/2026,28.5019807,-82.5912524,30.3842354,-81.8444305,172.35
722887-202602-6-11265357-255106-20260121,1/21/2026,28.50204071,-82.59133942,28.46027807,-82.54125563,6.12
722887-202602-6-11265357-255106-20260121,1/21/2026,28.46055038,-82.540986,28.50212482,-82.59130557,5.82
722887-202602-6-11265357-255106-20260121,1/21/2026,28.50221995,-82.59140885,32.43151137,-83.75708787,304.54
722887-202602-6-11265357-255106-20260122,1/22/2026,32.65814561,-83.74640047,30.4230519,-91.07628622,529.04
722887-202602-6-11265357-256003-20260121,1/21/2026,29.21198593,-82.69796206,32.96468923,-83.75753334,294.21
722887-202602-6-11265368-251471-20260122,1/22/2026,35.9977808,-86.5986022,36.0859644,-86.6915194,9.3
722887-202602-6-11265368-251471-20260122,1/22/2026,36.0861755,-86.6915278,36.3643384,-83.7157579,208.69
722887-202602-6-11265368-254901-20260123,1/23/2026,35.91140616,-86.50632343,33.12652943,-91.98168285,448.96
722887-202602-6-11265368-259107-20260113,1/13/2026,36.04145296,-86.65253797,35.99818672,-86.59817998,5.21
722887-202602-6-11265368-259107-20260122,1/22/2026,35.99790861,-86.59823453,36.08615628,-86.69165008,9.28
722887-202602-6-11265368-259107-20260122,1/22/2026,36.08610633,-86.69169485,35.9996425,-86.59593562,9.85
722887-202602-6-11265368-259107-20260122,1/22/2026,35.99963885,-86.59594321,36.74636877,-85.69780275,103.53
722887-202602-6-11265379-238679-20260122,1/22/2026,35.1619767,-89.8697267,37.96117,-84.3848067,417.45
722887-202602-6-11265379-238679-20260123,1/23/2026,37.9613,-84.3849767,38.933085,-80.8486842,260.46
722887-202602-6-11265379-239330-20260121,1/21/2026,35.2003428,-89.7890393,30.9575966,-92.1951808,377.03
722887-202602-6-11265379-256146-20260121,1/21/2026,35.07537983,-89.99159937,35.17315281,-89.79564833,20.65
722887-202602-6-11265379-256146-20260121,1/21/2026,35.17313366,-89.79569818,35.07509126,-89.99150615,19.89
722887-202602-6-11265379-256146-20260121,1/21/2026,35.07511019,-89.99148482,35.4611546,-92.23703191,151.39
722887-202602-6-11265379-258606-20260121,1/21/2026,35.07526767,-89.99141733,35.24496806,-91.75253886,114.57
722887-202602-6-11292247-249189-20260122,1/22/2026,43.1457796,-77.6005955,41.3956269,-75.6516366,218.81
722887-202602-6-11292247-250810-20260116,1/16/2026,42.1719083,-77.9828117,43.1673783,-77.6921983,85.6
722887-202602-6-11292247-250810-20260116,1/16/2026,43.1672742,-77.6924834,43.1655017,-77.67875,0.9
722887-202602-6-11292247-250810-20260123,1/23/2026,43.1654004,-77.6788738,42.3475417,-77.66821,69.52
722887-202602-6-11292247-250810-20260123,1/23/2026,42.3468732,-77.6685856,42.1714356,-77.9832532,25.09
722887-202603-6-10987877-214759-20260119,1/19/2026,32.3502738,-88.692021,34.989736,-82.0220726,459.27
722887-202603-6-10987877-214759-20260120,1/20/2026,34.9899247,-82.0218095,35.1726295,-82.1914892,18.51
722887-202603-6-10987877-214759-20260120,1/20/2026,35.1724332,-82.1922561,34.9900853,-82.021511,18.45
722887-202603-6-10987877-219866-20260119,1/19/2026,31.37251903,-87.03992426,34.99002975,-82.0217331,413.48
722887-202603-6-10987877-219866-20260120,1/20/2026,35.03484768,-82.03598528,35.17274608,-82.19147221,14.85
722887-202603-6-10987877-219866-20260120,1/20/2026,35.17290781,-82.19119355,34.99010979,-82.0217835,18.21
722887-202603-6-10987877-235185-20260116,1/16/2026,33.94809376,-84.12966358,34.99017439,-82.02166033,147.31
722887-202603-6-10987877-235185-20260120,1/20/2026,34.99108445,-82.02048777,35.17271871,-82.19159352,18.21
722887-202603-6-10987877-235185-20260120,1/20/2026,35.17278242,-82.19155072,34.98998015,-82.02191866,18.23
722887-202603-6-10987877-235767-20260119,1/19/2026,31.37212004,-87.03941173,34.98998961,-82.02168965,413.49
722887-202603-6-10987877-235767-20260120,1/20/2026,34.99006508,-82.02190613,35.17275018,-82.19140564,18.49
722887-202603-6-10987877-235767-20260120,1/20/2026,35.17286106,-82.19136409,34.99025978,-82.0214422,18.25
722887-202603-6-10988042-233398-20260121,1/21/2026,31.32428952,-90.35107212,31.78384689,-89.05763049,102.47
722887-202603-6-10988042-233398-20260121,1/21/2026,31.78361359,-89.05728501,33.56213997,-86.52164478,210.62
722887-202603-6-10988042-233398-20260121,1/21/2026,33.56223631,-86.52166383,34.74449084,-81.03046744,392.85
722887-202603-6-10988042-246824-20260119,1/19/2026,40.0176124,-81.5602645,39.1323318,-81.5495529,68.94
722887-202603-6-10988042-246824-20260119,1/19/2026,39.1323318,-81.5495529,38.195478,-81.4913192,81.89
722887-202603-6-10988042-246824-20260119,1/19/2026,38.1953811,-81.4910278,37.3629922,-81.0579528,76.28
722887-202603-6-10988042-246824-20260119,1/19/2026,37.364315,-81.0525054,36.4856796,-80.7453384,82.7
722887-202603-6-10988042-246824-20260119,1/19/2026,36.4866027,-80.7432403,34.7444605,-81.0304275,127.58
722887-202603-6-10988042-249532-20260119,1/19/2026,39.2904083,-84.3941838,35.5961035,-83.0082911,352.59
722887-202603-6-10988042-249532-20260119,1/19/2026,35.5961481,-83.0083063,34.7445704,-81.030403,151.79
722887-202603-6-10988042-249532-20260120,1/20/2026,34.7448096,-81.0302598,34.7441673,-81.0331268,0.27
722887-202603-6-10988042-249532-20260120,1/20/2026,34.7441559,-81.0331113,34.690819,-80.785169,17.5
722887-202603-6-10988042-249532-20260120,1/20/2026,34.6908331,-80.7851266,34.7450508,-81.0304021,17.46
722887-202603-6-10988042-249927-20260119,1/19/2026,34.8818788,-84.9960633,34.7447607,-81.0303324,321.94
722887-202603-6-10988042-252790-20260119,1/19/2026,30.04522852,-89.9852081,33.49844398,-82.33690273,578.76
722887-202603-6-10988042-252790-20260120,1/20/2026,33.4983905,-82.33693258,34.69073537,-80.78505159,143.71
722887-202603-6-10988042-252790-20260120,1/20/2026,34.6908033,-80.7849603,34.74465956,-81.03036887,17.42
722887-202603-6-10988086-196922-20260121,1/21/2026,32.4750437,-83.7458356,33.5798279,-84.3408686,91.4
722887-202603-6-10988086-226454-20260118,1/18/2026,36.63378429,-95.13436697,36.87068272,-94.77958085,30.58
722887-202603-6-10988086-226454-20260118,1/18/2026,36.6320885,-95.15063184,36.80337932,-94.72900107,27.58
722887-202603-6-10988086-226454-20260119,1/19/2026,34.24886678,-88.40307147,33.5796127,-84.34201156,274.45
722887-202603-6-10988144-234779-20260121,1/21/2026,32.61695,-83.688535,33.90543,-84.4736633,111.46
722887-202603-6-10988144-234779-20260124,1/24/2026,33.8376791,-84.0712845,33.9046034,-84.4731212,31.06
722887-202603-6-10989500-234105-20260116,1/16/2026,38.43405302,-82.1117655,37.16291864,-88.68534293,407.87
722887-202603-6-10989500-234105-20260120,1/20/2026,37.16267082,-88.68520895,37.15413958,-88.7110864,1.93
722887-202603-6-10989500-234105-20260120,1/20/2026,37.15417632,-88.7111466,37.16309262,-88.68556123,1.75
722887-202603-6-10989500-237703-20260118,1/18/2026,35.39145747,-89.73797368,37.16271249,-88.68522024,156.93
722887-202603-6-10996368-234835-20260120,1/20/2026,32.80274111,-79.91321696,33.00838707,-80.04410812,21.25
722887-202603-6-10996368-234835-20260120,1/20/2026,33.00837733,-80.04406522,32.80128026,-79.89511886,20.37
722887-202603-6-10996368-252330-20260121,1/21/2026,32.47306937,-83.74578773,32.80207805,-79.89340346,274.24
722887-202603-6-10996368-252379-20260119,1/19/2026,33.93524385,-81.07619679,32.80197949,-79.89327873,109.04
722887-202603-6-10996368-255337-20260119,1/19/2026,39.2848433,-84.4155683,33.9354167,-81.0763967,531.5
722887-202603-6-10996379-215520-20260119,1/19/2026,30.08681883,-90.44551574,30.56103483,-88.20640357,152.14
722887-202603-6-10996379-215520-20260119,1/19/2026,30.56078742,-88.20678255,32.55174532,-85.52679925,228.69
722887-202603-6-10996379-215520-20260119,1/19/2026,32.55148163,-85.52689555,33.95639562,-81.23163461,305.46
722887-202603-6-10996379-215520-20260119,1/19/2026,33.95638627,-81.23206204,32.80212489,-79.89340575,125.5
722887-202603-6-10996379-215520-20260120,1/20/2026,32.80251055,-79.89316989,33.03916114,-80.13793039,25.19
722887-202603-6-10996379-215520-20260120,1/20/2026,33.03943802,-80.13794916,32.80252246,-79.89288147,25.33
722887-202603-6-10996379-249825-20260119,1/19/2026,31.36624171,-84.940656,32.80264595,-79.89283647,382
722887-202603-6-10996379-249825-20260120,1/20/2026,32.80246321,-79.89292555,33.03939222,-80.13792967,25.17
722887-202603-6-10996379-249825-20260120,1/20/2026,33.03925813,-80.13794466,32.80249323,-79.89294045,25.33
722887-202603-6-10996379-253914-20260119,1/19/2026,33.69908723,-81.47863062,32.80230987,-79.89327657,117.91
722887-202603-6-10996379-253914-20260120,1/20/2026,33.0393643,-80.13792278,33.03924081,-80.13798784,0.03
722887-202603-6-10996379-253914-20260120,1/20/2026,33.03922015,-80.13799683,32.80217297,-79.89327454,25.3
722887-202603-6-10996528-207826-20260121,1/21/2026,32.47473668,-83.7456235,34.69012992,-82.98618231,216.1
722887-202603-6-10996528-248332-20260119,1/19/2026,33.63849557,-83.96780252,34.69011121,-82.98634131,132.16
722887-202603-6-10996528-254580-20260119,1/19/2026,33.8139346,-84.3540955,34.6900379,-82.9862716,109.45
722887-202603-6-10996528-254580-20260120,1/20/2026,34.689853,-82.9859979,34.7072786,-82.7618617,14.4
722887-202603-6-10996528-254580-20260120,1/20/2026,34.7072349,-82.7617674,34.6899645,-82.9865048,14.24
722887-202603-6-10996528-254941-20260121,1/21/2026,32.47421475,-83.74586373,34.6896557,-82.98677753,216.07
722887-202603-6-10996583-235642-20260118,1/18/2026,29.7938508,-91.5152648,32.3654472,-86.2121967,420.36
722887-202603-6-10996583-235642-20260119,1/19/2026,32.5288749,-85.5777719,34.6896765,-82.9867116,232.55
722887-202603-6-10996583-235721-20260118,1/18/2026,29.7828291,-91.4983252,32.3650083,-86.2100733,416.62
722887-202603-6-10996583-235721-20260119,1/19/2026,32.365866,-86.2113185,34.69017,-82.986265,270.78
722887-202603-6-10996583-235721-20260120,1/20/2026,34.6923383,-82.9855617,34.75729,-83.04803,7.1
722887-202603-6-10996583-235721-20260120,1/20/2026,34.7552522,-83.0463218,34.6898311,-82.9864813,6.47
722887-202603-6-10996583-241409-20260119,1/19/2026,29.98507984,-91.86160496,34.68980574,-82.98610393,712.37
722887-202603-6-10996583-241409-20260120,1/20/2026,34.68981708,-82.98619342,34.75741499,-83.0481511,7.29
722887-202603-6-10996583-246307-20260119,1/19/2026,29.98516255,-91.86174059,34.69222984,-82.98437191,712.5
722887-202603-6-10996583-246307-20260120,1/20/2026,34.68980606,-82.98634876,34.75744164,-83.04811056,7.3
722887-202603-6-10996583-246307-20260120,1/20/2026,34.7555516,-83.04685694,34.68974123,-82.98630337,6.39
722887-202603-6-10996696-254496-20260120,1/20/2026,33.94843221,-84.13009663,34.07184593,-84.16918494,10.31
722887-202603-6-10996696-254496-20260120,1/20/2026,34.07162857,-84.16895861,33.94837402,-84.13003139,10.71
722887-202603-6-10996754-222042-20260119,1/19/2026,36.3369801,-79.6235629,33.8340895,-84.1972884,349.07
722887-202603-6-10996754-236126-20260119,1/19/2026,29.5000511,-82.5850958,33.8492775,-84.3146023,353.71
722887-202603-6-10996754-236126-20260119,1/19/2026,33.8493391,-84.3144982,33.8334406,-84.1970333,9.99
722887-202603-6-10996754-254514-20260119,1/19/2026,36.0863735,-79.6604035,33.8334889,-84.1971346,334.04
722887-202603-6-10996754-255111-20260117,1/17/2026,33.8492108,-84.314447,33.1114553,-83.1804333,111.47
722887-202603-6-10996754-255111-20260119,1/19/2026,33.1129323,-83.1801811,33.8337993,-84.1997158,103.78
722887-202603-6-10996765-207869-20260120,1/20/2026,30.55101363,-91.13353078,33.83347852,-84.19695729,550.81
722887-202603-6-10996765-244549-20260119,1/19/2026,41.73810095,-74.03800953,37.9677281,-78.26416413,410.63
722887-202603-6-10996834-237489-20260123,1/23/2026,33.8287819,-84.4940011,33.8339142,-84.6120698,9.02
722887-202603-6-10996834-238789-20260119,1/19/2026,33.2901153,-82.70733,33.7239883,-84.94113,150.52
722887-202603-6-10996834-238789-20260120,1/20/2026,33.7239533,-84.9411733,33.8338033,-84.6125767,25.53
722887-202603-6-10996834-238789-20260120,1/20/2026,33.8338395,-84.6124681,33.724,-84.94111,25.09
722887-202603-6-10996834-254154-20260121,1/21/2026,32.65822134,-83.74578822,33.90516917,-84.47353098,105.14
722887-202603-6-10996834-254440-20260121,1/21/2026,32.64977958,-83.75896308,32.65804392,-83.74668964,1.03
722887-202603-6-10996834-254440-20260121,1/21/2026,32.6583739,-83.74583678,33.90498792,-84.47349036,105.13
722887-202603-6-10996845-250139-20260120,1/20/2026,33.3973691,-84.74089296,33.57881333,-85.0793082,25.98
722887-202603-6-10996845-250139-20260120,1/20/2026,33.58023904,-85.0780634,33.55503286,-84.34173858,64.68
722887-202603-6-10996845-250139-20260121,1/21/2026,33.55498988,-84.34175074,33.57912325,-85.07906155,65.39
722887-202603-6-10996936-232963-20260119,1/19/2026,30.21144867,-92.01205445,33.42808021,-84.1851891,594.16
722887-202603-6-10996936-232963-20260120,1/20/2026,33.42536163,-84.18427277,33.27049926,-84.29560662,16.66
722887-202603-6-10996936-232963-20260120,1/20/2026,33.27064895,-84.29564667,33.42821431,-84.18488904,15.81
722887-202603-6-10996936-246718-20260119,1/19/2026,30.35932514,-92.00194186,30.45671699,-88.90226335,203.96
722887-202603-6-10996936-246718-20260119,1/19/2026,30.45654488,-88.90194771,31.20174018,-87.31037223,121.09
722887-202603-6-10996936-246718-20260119,1/19/2026,31.20179181,-87.31038238,33.428009,-84.18506114,276.24
722887-202603-6-10996936-246718-20260120,1/20/2026,33.42534564,-84.18431924,33.27049926,-84.29560662,16.66
722887-202603-6-10996936-246718-20260120,1/20/2026,33.27087226,-84.29549806,33.42825763,-84.18492992,15.79
722887-202603-6-10996936-252728-20260119,1/19/2026,35.46350308,-89.77440567,33.42804064,-84.18515896,425.95
722887-202603-6-10996936-252728-20260120,1/20/2026,33.42535493,-84.18432486,33.27058273,-84.29564091,16.67
722887-202603-6-10996936-252728-20260120,1/20/2026,33.27077461,-84.295626,33.42816478,-84.18497709,15.79
722887-202603-6-10996970-195725-20260120,1/20/2026,33.6526048,-84.495932,33.6550871,-84.4950197,0.37
722887-202603-6-10996970-195725-20260120,1/20/2026,33.6550839,-84.4950008,33.3554248,-84.1188071,35.38
722887-202603-6-10996970-195725-20260120,1/20/2026,33.3555021,-84.1187014,33.6525737,-84.4959758,35.78
722887-202603-6-10996970-195725-20260121,1/21/2026,33.6526249,-84.4960742,33.355413,-84.1188229,34.85
722887-202603-6-10996970-195725-20260121,1/21/2026,33.3554836,-84.1188423,33.58625994,-84.33916611,13.97
722887-202603-6-10996970-195725-20260122,1/22/2026,33.6525913,-84.4959117,33.3554156,-84.1188363,34.84
722887-202603-6-10996970-195725-20260122,1/22/2026,33.3554418,-84.1188387,33.6526394,-84.4959545,35.77
722887-202603-6-10996970-195725-20260123,1/23/2026,33.6526024,-84.4959757,33.3554654,-84.1185781,34.85
722887-202603-6-10996970-195725-20260123,1/23/2026,33.3554524,-84.1188461,33.6525562,-84.4959829,35.77
722887-202603-6-10996970-195725-20260124,1/24/2026,33.6525565,-84.4959856,33.3554676,-84.1187577,34.84
722887-202603-6-10996970-195725-20260124,1/24/2026,33.3554766,-84.1187858,33.6525492,-84.4959512,35.78
722887-202603-6-10996970-195725-20260125,1/25/2026,33.65264,-84.4959173,33.6551311,-84.4951692,0.38
722887-202603-6-10996970-195725-20260125,1/25/2026,33.6551001,-84.4951773,33.3554351,-84.1187547,35.37
722887-202603-6-10996970-195725-20260125,1/25/2026,33.3547399,-84.1192635,33.6525477,-84.4959288,35.67
722887-202603-6-10996970-195725-20260126,1/26/2026,33.6526244,-84.4959558,33.3557654,-84.1190746,34.81
722887-202603-6-10996970-195725-20260126,1/26/2026,33.3568991,-84.1204916,33.6525489,-84.4959411,35.8
722887-202603-6-10996970-195725-20260127,1/27/2026,33.6526145,-84.4959032,33.6551497,-84.4950037,0.37
722887-202603-6-10996970-195725-20260127,1/27/2026,33.6551154,-84.4950604,33.3558773,-84.1190667,35.35
722887-202603-6-10996970-195725-20260127,1/27/2026,33.3555239,-84.1187908,33.6520263,-84.4953665,35.76
722887-202603-6-10996970-238902-20260119,1/19/2026,31.86832473,-85.15400049,33.42790964,-84.18465791,170.3
722887-202603-6-10996970-251451-20260119,1/19/2026,31.87235698,-90.36661208,33.54770855,-84.27642902,431.59
722887-202603-6-10997065-233592-20260119,1/19/2026,31.58676306,-91.39318917,34.25382441,-83.46090427,552.92
722887-202603-6-10997065-233592-20260120,1/20/2026,34.25446836,-83.46017107,34.20867085,-83.48052221,5.34
722887-202603-6-10997065-233592-20260120,1/20/2026,34.20853255,-83.48018237,34.25312611,-83.46221449,4.74
722887-202603-6-10997065-253422-20260119,1/19/2026,34.5688254,-82.7079135,34.2540909,-83.4602244,51.23
722887-202603-6-10997065-253422-20260120,1/20/2026,34.2542719,-83.4604038,34.2086091,-83.4800311,5.31
722887-202603-6-10997065-253422-20260120,1/20/2026,34.2090661,-83.4797401,34.2541413,-83.4602678,4.15
722887-202603-6-10997065-253578-20260119,1/19/2026,31.26123968,-90.47448626,34.25463866,-83.46050891,525.31
722887-202603-6-10997065-253578-20260120,1/20/2026,34.25464292,-83.46045423,34.20850355,-83.48019379,5.36
722887-202603-6-10997065-253578-20260120,1/20/2026,34.20849352,-83.48011107,34.25469601,-83.46041219,4.24
722887-202603-6-10997065-254702-20260119,1/19/2026,40.13466554,-87.60445282,40.18769963,-87.62904777,5.22
722887-202603-6-10997065-254702-20260119,1/19/2026,40.1877173,-87.62904997,38.05735404,-87.54591172,164.16
722887-202603-6-10997065-254702-20260119,1/19/2026,37.61271882,-87.49894939,35.24116993,-85.84564297,209.71
722887-202603-6-10997065-254702-20260119,1/19/2026,35.24109304,-85.84578334,34.25472002,-83.46045272,218.74
722887-202603-6-10997258-196922-20260119,1/19/2026,31.2360013,-85.3901296,32.4748137,-83.7455659,152.94
722887-202603-6-10997258-196922-20260120,1/20/2026,32.4748767,-83.7457383,32.5589995,-83.8852013,11.21
722887-202603-6-10997258-196922-20260120,1/20/2026,32.559165,-83.8851019,32.4755667,-83.7460033,11.17
722887-202603-6-10997258-207826-20260118,1/18/2026,30.393947,-88.92694321,32.4746002,-83.74553655,397.67
722887-202603-6-10997258-207826-20260120,1/20/2026,32.47473342,-83.74538556,32.55945556,-83.88572676,11.31
722887-202603-6-10997258-207826-20260120,1/20/2026,32.55912904,-83.8858823,32.4752675,-83.74524306,11.29
722887-202603-6-10997258-252330-20260119,1/19/2026,33.92548632,-84.58259555,32.47533962,-83.74533913,126.5
722887-202603-6-10997258-252330-20260120,1/20/2026,32.47485322,-83.74573082,32.55963008,-83.88568217,11.3
722887-202603-6-10997258-252330-20260120,1/20/2026,32.55947715,-83.88567968,32.47520952,-83.74560928,11.28
722887-202603-6-10997360-197453-20260116,1/16/2026,32.6145791,-85.4003095,32.4181431,-84.9461314,33.74
722887-202603-6-10997360-238674-20260119,1/19/2026,31.51796192,-82.84550909,31.49077714,-82.85135762,2.38
722887-202603-6-10997360-238674-20260119,1/19/2026,31.51318675,-82.87108189,32.41817874,-84.94586277,162.1
722887-202603-6-10997360-238674-20260120,1/20/2026,32.41793673,-84.94611375,32.52284241,-84.94715042,10.86
722887-202603-6-10997360-256938-20260119,1/19/2026,30.84601027,-83.32355127,32.41829093,-84.94593295,165.82
722887-202603-6-10997360-256938-20260120,1/20/2026,32.41845265,-84.94501888,32.52270996,-84.94734964,10.81
722887-202603-6-10997360-256938-20260120,1/20/2026,32.52266528,-84.94691741,32.41853553,-84.94624686,11.13
722887-202603-6-11287950-236845-20260119,1/19/2026,32.8024647,-79.8929985,37.0941954,-76.4577888,455.47
722887-202603-6-11287950-248655-20260119,1/19/2026,32.8146038,-79.8448321,33.5921466,-80.3557019,79.2
722887-202603-6-11287950-248655-20260119,1/19/2026,33.591658,-80.3555508,37.0943302,-76.4578645,378.72
722887-202603-6-11287950-248655-20260120,1/20/2026,37.0943307,-76.4584879,36.9161249,-76.2728126,19.31
722887-202603-6-11287950-248655-20260120,1/20/2026,36.9161468,-76.2728039,37.094633,-76.4578033,19.24
722887-202603-6-11287950-248738-20260119,1/19/2026,32.8023513,-79.892889,37.0944733,-76.4579683,455.45
722887-202603-6-11287950-248738-20260120,1/20/2026,37.0941454,-76.4578229,36.9160433,-76.272805,19.3
723056-202603-6-7460654-200307-20260123,1/23/2026,36.5473153,-87.6656649,29.9771525,-92.0272152,638.61
723056-202603-6-7460654-206877-20260123,1/23/2026,36.59532716,-87.2812326,36.44139515,-87.37038973,13.73
723056-202603-6-7460654-206877-20260123,1/23/2026,36.49294794,-87.37285998,36.59518479,-87.28133569,9.76
723056-202603-6-7460654-206877-20260123,1/23/2026,36.59531469,-87.28120153,38.61661936,-90.32965376,271.19
723056-202603-6-7460654-234495-20260120,1/20/2026,39.6099707,-84.5459709,36.5954306,-87.2815331,320.96
723056-202603-6-7460654-234495-20260121,1/21/2026,36.5953482,-87.2814799,36.4413779,-87.3703505,13.76
723056-202603-6-7460654-234495-20260121,1/21/2026,36.4588947,-87.3747147,36.595422,-87.2816569,12.42
723056-202603-6-7460654-234495-20260123,1/23/2026,36.5953729,-87.2814747,36.4413706,-87.3704189,13.76
723056-202603-6-7460654-234495-20260123,1/23/2026,36.4413984,-87.370399,39.6038232,-84.5511273,333.07
723056-202603-6-7460654-234564-20260120,1/20/2026,34.03083821,-81.10206471,36.59543232,-87.28136967,480.05
723056-202603-6-7460654-234564-20260121,1/21/2026,36.58429958,-87.29578958,36.44127945,-87.37034422,12.04
723056-202603-6-7460654-234564-20260121,1/21/2026,36.4412469,-87.37034593,36.59808939,-87.28607389,13.26
723056-202603-6-7460654-234564-20260123,1/23/2026,36.59613711,-87.28370172,31.58148476,-84.08646783,468.05
723056-202603-6-7460654-247815-20260120,1/20/2026,33.52443619,-84.61820171,36.59564917,-87.28088918,311.38
723056-202603-6-7460654-247815-20260121,1/21/2026,36.59534254,-87.28116841,36.44136029,-87.37048884,13.73
723056-202603-6-7460654-247815-20260121,1/21/2026,36.44133169,-87.37050002,36.59560182,-87.28095789,13.75
723056-202603-6-7460654-247815-20260123,1/23/2026,36.59513779,-87.2812343,36.44152353,-87.37038966,13.74
723056-202603-6-7460654-247815-20260123,1/23/2026,36.44201875,-87.37050037,33.9250295,-84.3519077,295.09
723056-202603-6-7460654-250800-20260120,1/20/2026,33.90559366,-84.60314717,36.59526092,-87.28141297,280.06
723056-202603-6-7460654-252114-20260120,1/20/2026,32.42481046,-82.66238961,36.59540586,-87.28125946,442.04
723056-202603-6-7460654-252114-20260123,1/23/2026,36.59538901,-87.28159204,36.44125704,-87.37053674,13.77
723056-202603-6-7460654-252114-20260123,1/23/2026,36.44132234,-87.37050724,32.24664212,-82.41875803,467.33
723056-202603-6-7460654-255392-20260121,1/21/2026,35.85969311,-86.43754443,36.44169287,-87.37054208,80.98
723056-202603-6-7460654-255392-20260121,1/21/2026,36.44165356,-87.37042906,35.86074696,-86.43735536,80.86
723056-202603-6-7460654-255392-20260122,1/22/2026,35.8608187,-86.43750617,36.44134567,-87.37053138,81.09
723056-202603-6-7460654-255392-20260122,1/22/2026,36.44145593,-87.37042024,35.86076005,-86.43739517,80.88
723059-202602-6-11066918-170744-20260115,1/15/2026,26.1945498,-98.2539939,26.38576918,-98.14123523,19.35
723059-202602-6-11066918-170744-20260115,1/15/2026,26.38576851,-98.14124483,29.72638677,-98.07921047,251.51
723059-202602-6-11066918-170744-20260115,1/15/2026,29.72717207,-98.0797264,32.04753116,-97.09137456,179.99
723059-202602-6-11066918-241874-20260115,1/15/2026,27.4892295,-97.85476461,30.49943999,-92.42627448,437.58
723059-202603-6-11275838-204794-20260119,1/19/2026,35.4986514,-84.9909144,28.7486582,-81.3639834,610.76
723059-202603-6-11275871-223145-20260122,1/22/2026,35.58171498,-82.5254032,34.8972386,-82.16093207,76.35
723059-202603-6-11275871-258944-20260122,1/22/2026,35.71315409,-81.76294108,34.89732045,-82.16096144,76.73
723059-202603-6-9916747-223145-20260118,1/18/2026,33.77125219,-81.91216837,35.44301476,-82.53577494,141.19
723059-202603-6-9916747-258944-20260120,1/20/2026,35.49298186,-82.52182078,35.72810989,-81.7871071,52.91
723059-202603-6-9916747-258944-20260120,1/20/2026,35.72794418,-81.78707738,35.49297515,-82.52146107,53.19
723059-202604-6-11275850-204794-20260127,1/27/2026,30.1940448,-81.7379664,28.3848781,-81.5026761,152.11
723059-202604-6-11275850-204794-20260127,1/27/2026,28.3846713,-81.5022371,28.5708137,-81.2338056,26.32
723066-202604-6-11275849-170744-20260123,1/23/2026,32.71629293,-96.32172669,32.53159888,-92.47395125,233.23
723066-202604-6-11275849-170744-20260124,1/24/2026,32.53161579,-92.47395505,34.3514003,-89.91598574,288.75
723066-202604-6-11275849-170744-20260124,1/24/2026,34.3513942,-89.915963,34.96253427,-89.99766002,43.39
723066-202604-6-11275849-241874-20260120,1/20/2026,30.49944697,-92.4263039,34.97187382,-89.858437,421.81
723066-202604-6-11275849-259165-20260123,1/23/2026,36.55030638,-76.60719748,36.71132249,-78.10572699,100.97
723066-202604-6-11275849-259165-20260123,1/23/2026,36.70884676,-78.10694149,34.9129811,-82.1058109,291.79
723066-202604-6-11275849-259165-20260123,1/23/2026,34.91291074,-82.10571287,34.44456839,-83.12027,70.31
723066-202604-6-11275849-259165-20260124,1/24/2026,34.44810391,-83.12864915,33.54408693,-86.58650757,224.74
723159-202602-6-10499884-190617-20260118,1/18/2026,44.8638492,-93.2873888,45.2954582,-93.7767691,45.52
723159-202603-6-10431993-241794-20260118,1/18/2026,39.25180965,-94.44852016,38.95874996,-92.28981128,130.68
723159-202603-6-10431993-241794-20260119,1/19/2026,38.95874291,-92.28969203,38.96537432,-92.28979383,1.01
723159-202603-6-10431993-245403-20260118,1/18/2026,39.2516143,-94.4490104,38.9586843,-92.2900879,130.7
723159-202603-6-10431993-245403-20260119,1/19/2026,38.9585011,-92.2895635,38.9653921,-92.2897662,1.05
723159-202603-6-10432001-241794-20260120,1/20/2026,38.96018232,-92.31550249,38.96299874,-92.29401523,1.49
723159-202603-6-10432001-241794-20260120,1/20/2026,38.96336103,-92.29353886,38.79206486,-90.55853044,96.79
723159-202603-6-10432001-241794-20260120,1/20/2026,38.7922898,-90.5582073,38.78783767,-90.56484725,1.04
723159-202603-6-10432001-245403-20260120,1/20/2026,38.9587465,-92.2899756,38.7920314,-90.5585838,97.13
723159-202603-6-10432001-245403-20260120,1/20/2026,38.7920626,-90.5585268,38.7878705,-90.5649107,1.03
723159-202603-6-10493301-239030-20260122,1/22/2026,40.135891,-75.178643,40.56226932,-76.00986334,67.15
723159-202603-6-10493301-239030-20260122,1/22/2026,40.56172041,-75.99933702,40.62527169,-75.48352628,29.5
723159-202603-6-10493301-239030-20260122,1/22/2026,40.6246,-75.484572,40.56174651,-75.99949464,29.78
723159-202603-6-10493301-239032-20260122,1/22/2026,40.13576386,-75.17905052,40.56217382,-76.00975607,67.13
723159-202603-6-10493301-239032-20260122,1/22/2026,40.5617287,-75.99961187,40.62527169,-75.48352628,29.5
723159-202603-6-10493301-239032-20260122,1/22/2026,40.62465873,-75.48419791,40.56169515,-75.99964348,29.77
723159-202603-6-10493491-252048-20260117,1/17/2026,39.9759807,-76.7644981,41.5509575,-83.5993693,442.78
723159-202603-6-10493491-252048-20260118,1/18/2026,41.5513577,-83.6000527,41.4663551,-87.3253513,215.46
723159-202603-6-10493491-252048-20260119,1/19/2026,41.4665138,-87.3251377,41.469965,-87.3018697,2.26
723159-202603-6-10493491-252048-20260119,1/19/2026,41.4696597,-87.301814,41.4675175,-87.2997185,0.24
723159-202603-6-10493695-239030-20260118,1/18/2026,36.842142,-76.227281,40.177201,-75.128707,290.11
723159-202603-6-10493695-239030-20260119,1/19/2026,40.177163,-75.128769,40.18632713,-74.86255171,18.45
723159-202603-6-10493695-239032-20260118,1/18/2026,36.84317977,-76.2277305,40.177201,-75.128707,290.11
723159-202603-6-10493695-239032-20260119,1/19/2026,40.17722384,-75.12840343,40.18626635,-74.86295849,18.46
723159-202603-6-10494632-239133-20260120,1/20/2026,37.9953982,-87.4746112,39.0688688,-84.3016105,220.51
723159-202603-6-10494632-254535-20260120,1/20/2026,37.97685939,-87.55027116,38.27313701,-85.78598256,115.7
723159-202603-6-10494632-254535-20260120,1/20/2026,38.24781261,-85.76680547,39.1026219,-84.49988938,100.42
723159-202603-6-10494632-254535-20260120,1/20/2026,39.07041364,-84.30336668,39.07283001,-84.30434996,0.23
723159-202603-6-10495090-252048-20260123,1/23/2026,41.5099135,-87.7338077,41.6543415,-88.1220161,36.46
723159-202603-6-10495919-252048-20260120,1/20/2026,41.4663685,-87.3254841,41.6587183,-88.1206151,60.35
723159-202603-6-10495919-252048-20260121,1/21/2026,41.6539873,-88.1221334,41.6968513,-88.1248122,3.62
723159-202603-6-10496252-239133-20260123,1/23/2026,39.7495258,-86.0318202,41.1336829,-85.1654429,122.86
723159-202603-6-10496252-239133-20260123,1/23/2026,41.1334977,-85.1653974,41.1350314,-85.1640136,0.19
723159-202603-6-10496252-254535-20260123,1/23/2026,39.7817549,-86.14448855,41.13361104,-85.16489561,121.63
723159-202603-6-10496296-190617-20260121,1/21/2026,45.0386334,-92.8350521,41.2415293,-95.9105736,394.38
723159-202603-6-10496296-190617-20260121,1/21/2026,41.2414298,-95.9099973,41.294023,-96.1405875,19.64
723159-202603-6-10496580-239133-20260118,1/18/2026,37.9612867,-84.3872392,37.9866869,-87.4914053,196.93
723159-202603-6-10496580-239133-20260119,1/19/2026,37.9768319,-87.4935987,37.9734973,-87.6392508,8.17
723159-202603-6-10496580-239133-20260119,1/19/2026,37.973487,-87.6392447,37.9872743,-87.4915256,9.02
723159-202603-6-10496580-254535-20260118,1/18/2026,38.07086819,-84.45118507,38.24836272,-85.77236642,82.61
723159-202603-6-10496580-254535-20260118,1/18/2026,38.26781517,-85.78157475,37.98679,-87.49135855,111.24
723159-202603-6-10496580-254535-20260119,1/19/2026,37.98697644,-87.49129835,37.97397939,-87.63788775,8.97
723159-202603-6-10496580-254535-20260119,1/19/2026,37.97805206,-87.6279523,37.98682857,-87.49140111,8.25
723159-202603-6-10497448-190617-20260118,1/18/2026,45.2940092,-93.7777845,46.2923354,-96.120551,142.34
723159-202603-6-10497561-239133-20260122,1/22/2026,39.058465,-84.3207393,39.7494972,-86.0318183,117.38
723159-202603-6-10497561-254535-20260122,1/22/2026,39.1379135,-84.53391934,39.74977527,-86.03147896,99.87
723159-202603-6-10497561-254535-20260122,1/22/2026,39.74137537,-86.04119994,39.60395748,-86.16041328,14.81
723159-202603-6-10497845-243063-20260123,1/23/2026,42.37775367,-71.56310816,41.63416636,-70.92719155,75
723159-202603-6-10497845-243063-20260123,1/23/2026,41.63236618,-70.9270401,42.17554159,-72.57442522,112.66
723159-202603-6-10497845-243063-20260123,1/23/2026,42.17543412,-72.57446288,41.63236618,-70.92700958,112.32
723159-202603-6-10497845-244892-20260123,1/23/2026,42.33915036,-71.59423274,41.63404766,-70.92711745,71.48
723159-202603-6-10497845-244892-20260123,1/23/2026,41.63242725,-70.92700348,42.17512099,-72.57407025,112.54
723159-202603-6-10497845-244892-20260123,1/23/2026,42.17492596,-72.57462005,41.63407271,-70.9270959,112.25
723159-202603-6-10498098-252048-20260124,1/24/2026,41.8103177,-87.682864,42.0406924,-87.8426398,26
723159-202603-6-10498098-252048-20260124,1/24/2026,42.041287,-87.8423192,41.65415119,-88.12211258,36.76
723159-202603-6-10498270-243063-20260122,1/22/2026,42.34184322,-71.58997204,42.0807489,-70.99066193,51.36
723159-202603-6-10498270-244892-20260122,1/22/2026,42.3419949,-71.59015837,42.08088248,-70.99081695,51.39
723159-202603-6-10498440-190617-20260120,1/20/2026,46.2924141,-96.1205967,45.0378921,-92.8346103,195.18
723159-202603-6-10498440-190617-20260120,1/20/2026,45.0384645,-92.835066,44.9614521,-92.727329,10.58
723159-202603-6-10498440-190617-20260120,1/20/2026,44.9583687,-92.7246556,45.0379967,-92.8347729,10.65
723159-202604-6-10486930-241794-20260125,1/25/2026,38.74227502,-90.39914101,36.65223619,-93.28970219,258.12
723159-202604-6-10486930-241794-20260126,1/26/2026,36.65151477,-93.28923352,36.67341364,-93.22407842,7.45
723159-202604-6-10486930-241794-20260126,1/26/2026,36.67339952,-93.22407622,36.65258476,-93.28914068,7.37
723159-202604-6-10486930-245403-20260125,1/25/2026,38.7428676,-90.3988098,36.6516322,-93.2891164,258.18
723159-202604-6-10493582-190617-20260125,1/25/2026,41.7328417,-93.579565,42.494588,-92.3396511,116.45
723159-202604-6-10493582-190617-20260126,1/26/2026,42.5040392,-92.3386503,42.4541553,-92.3352541,3.9
723159-202604-6-10493582-190617-20260126,1/26/2026,42.4547009,-92.3347278,42.5040392,-92.3386503,3.99
723159-202604-6-10493822-238746-20260125,1/25/2026,39.09559621,-84.28063946,41.76245916,-88.21881955,345.09
723159-202604-6-10493822-238746-20260126,1/26/2026,41.75391401,-88.20668172,41.74889129,-88.20420535,0.56
723159-202604-6-10493822-238746-20260126,1/26/2026,41.74856825,-88.20471696,41.76199119,-88.2189178,1.97
723159-202604-6-10493822-250887-20260126,1/26/2026,39.09527596,-84.28083793,41.76247086,-88.21887967,345.1
723159-202604-6-10494144-239030-20260126,1/26/2026,40.561493,-75.999407,41.450582,-75.639222,80.24
723159-202604-6-10494938-254535-20260125,1/25/2026,41.13755651,-85.16263992,39.05680523,-84.62905079,202.63
723159-202604-6-10494938-254535-20260126,1/26/2026,39.0444969,-84.57813547,39.14657719,-84.62271465,13.87
723159-202604-6-10494938-254535-20260126,1/26/2026,39.14694729,-84.62238109,39.05685093,-84.62898079,19.2
723159-202604-6-10495227-238678-20260125,1/25/2026,39.16505333,-84.4277466,41.15432444,-80.66479776,270.37
723159-202604-6-10495227-238678-20260125,1/25/2026,41.15333291,-80.6647907,41.01462822,-77.95551275,153.7
723159-202604-6-10495227-238678-20260126,1/26/2026,41.0243034,-77.91758415,40.98937548,-75.17192846,159.89
723159-202604-6-10495227-255245-20260125,1/25/2026,39.3217433,-84.3872055,41.0270442,-77.9355721,416.77
723159-202604-6-10495227-255245-20260125,1/25/2026,41.0270455,-77.9355722,40.9892008,-75.1720518,161.13
723159-202604-6-10495737-252048-20260127,1/27/2026,41.6648648,-88.4588958,42.1730852,-88.3379346,42.58
723159-202604-6-10495737-252048-20260127,1/27/2026,42.1731224,-88.3377481,41.6541725,-88.1222941,55.43
723159-202604-6-10497721-243063-20260127,1/27/2026,41.8823471,-72.30827332,42.40393613,-73.26635268,93.12
723159-202604-6-10497721-243063-20260127,1/27/2026,42.40350387,-73.26683997,42.46504975,-73.1999054,8.55
723159-202604-6-10497721-244892-20260127,1/27/2026,42.40368384,-73.26624683,42.46504506,-73.19981729,8.53
723159-202604-6-10499181-254535-20260127,1/27/2026,39.05780284,-84.6283362,39.21231865,-84.45928208,21.41
723159-202604-6-10499181-254535-20260127,1/27/2026,39.97304808,-83.15224066,39.88091555,-83.04571616,12.06
723159-202604-6-10499181-254535-20260127,1/27/2026,39.87939553,-83.03951404,39.97303675,-83.15023477,13.53
723159-202604-6-10500021-238678-20260127,1/27/2026,40.98977135,-75.17217944,40.12527158,-74.96207563,101.24
723159-202604-6-10500021-255245-20260127,1/27/2026,40.9964336,-75.1439995,40.12582,-74.9617823,74.63
723160-202603-6-10493899-238678-20260122,1/22/2026,41.22174806,-75.8819016,40.49057603,-78.38307438,167.11
723160-202603-6-10493899-238678-20260122,1/22/2026,40.49040375,-78.38395031,40.45265528,-80.18203267,106.99
723160-202603-6-10493899-238678-20260122,1/22/2026,40.45559258,-80.19061247,40.49008717,-78.38383713,108.37
723160-202603-6-10493899-250129-20260122,1/22/2026,41.22442768,-75.87963228,40.45300909,-80.18279218,273.51
723160-202603-6-10493899-255245-20260122,1/22/2026,41.2217871,-75.8814231,40.4555207,-80.1909077,273.95
723160-202603-6-10494155-238678-20260121,1/21/2026,40.07102859,-74.96392893,41.2220406,-75.88166984,117.25
723160-202603-6-10494155-250129-20260121,1/21/2026,40.02392984,-75.03047958,41.23196042,-75.8723134,121.4
723160-202603-6-10494155-255245-20260121,1/21/2026,40.1721588,-75.0736136,41.2218541,-75.8815968,106.74
723160-202603-6-10494381-238746-20260118,1/18/2026,41.77172103,-87.74287807,41.12163803,-80.7694167,392.73
723160-202603-6-10494381-238746-20260119,1/19/2026,41.121094,-80.75376467,41.02670171,-80.65481869,11.62
723160-202603-6-10494381-250887-20260118,1/18/2026,41.77134084,-87.74187588,41.12182268,-80.76970808,400.79
723160-202603-6-10495089-238678-20260123,1/23/2026,40.45549106,-80.19145322,39.32868693,-84.42708484,279.77
723160-202603-6-10495089-255245-20260123,1/23/2026,40.3724322,-80.1138435,39.3292919,-84.4272264,269.73
723160-202603-6-10496490-238746-20260122,1/22/2026,41.23652242,-81.80049516,39.09544193,-84.28068548,224.6
723160-202603-6-10496490-238746-20260122,1/22/2026,39.09578013,-84.28105024,39.1971944,-84.23408152,9.33
723160-202603-6-10496490-250887-20260122,1/22/2026,41.23634986,-81.80024381,39.09518227,-84.2807333,224.61
723160-202603-6-10496730-238746-20260121,1/21/2026,41.13166883,-81.64715177,40.99576463,-81.48969872,17.55
723160-202603-6-10496730-238746-20260122,1/22/2026,40.99565782,-81.48992175,41.2363035,-81.79959712,32.31
723160-202603-6-10496730-250887-20260121,1/21/2026,41.13206215,-81.64730899,40.9953561,-81.49049727,17.51
723160-202603-6-10496730-250887-20260122,1/22/2026,40.99544283,-81.48975011,41.23626149,-81.80025732,32.29
723160-202603-6-10496911-238678-20260118,1/18/2026,40.11351938,-80.4231622,39.9921428,-75.09140919,327.96
723160-202603-6-10496911-255245-20260118,1/18/2026,40.8122317,-80.3268313,40.0706689,-74.9637284,345.95
723160-202603-6-10498699-238746-20260120,1/20/2026,41.12140915,-80.76964213,41.23660425,-81.80017924,68.79
723160-202603-6-10498699-250887-20260120,1/20/2026,41.12159896,-80.76989896,41.23643164,-81.80014422,68.83
723220-202553-6-10516000-254589-20260116,1/16/2026,30.5619115,-96.257913,30.6463332,-96.3030404,7.27
723220-202553-6-10516000-254589-20260116,1/16/2026,30.7312065,-96.4300591,32.1210266,-99.165962,204.82
723220-202553-6-10516000-254589-20260116,1/16/2026,32.1210344,-99.1659488,32.7093972,-99.7170473,63.97
723220-202553-6-10518821-238835-20260118,1/18/2026,39.9274599,-74.9535939,35.972267,-77.843344,374.73
723220-202553-6-10518821-238835-20260119,1/19/2026,35.9779998,-77.8440403,29.0243926,-81.3299315,591.92
723220-202553-6-10518821-245572-20260117,1/17/2026,39.9117293,-75.1500822,41.4638046,-75.6506804,134.5
723220-202553-6-10520867-183525-20260124,1/24/2026,34.0772724,-80.9461345,35.1716965,-78.6451133,171.71
723220-202553-6-10520867-238754-20260124,1/24/2026,34.0714184,-80.95034376,33.82352986,-84.18208817,212.23
723220-202553-6-10520867-249922-20260124,1/24/2026,34.07727018,-80.94602681,35.17151798,-78.6455074,171.69
723220-202553-6-10520867-253454-20260123,1/23/2026,34.08084686,-81.15175154,34.07727995,-80.94633824,15.05
723220-202553-6-10520867-253454-20260123,1/23/2026,34.07870756,-80.94224983,34.99953724,-78.28981497,190.59
723223-202601-6-10515517-196157-20260118,1/18/2026,30.646465,-96.3030617,41.9926498,-87.8815169,1056.26
723223-202601-6-10515517-252633-20260118,1/18/2026,35.16942,-90.18579433,41.65909149,-87.73830349,508.3
723223-202601-6-10515517-252633-20260118,1/18/2026,41.6621135,-87.71557783,41.74147667,-87.63067733,10.16
723223-202601-6-10515517-256804-20260118,1/18/2026,39.7784234,-85.9606453,41.741319,-87.6311675,186.75
723223-202601-6-10515539-238801-20260118,1/18/2026,41.5509786,-87.8030917,40.4880196,-89.0437489,113.75
723223-202601-6-10515539-238801-20260118,1/18/2026,40.4858408,-89.0382697,37.9420878,-91.8002377,267.84
723223-202601-6-10515539-238801-20260119,1/19/2026,37.9217902,-91.7803053,36.7955564,-91.896495,90.13
723223-202601-6-10515539-246930-20260117,1/17/2026,36.7603613,-91.8731792,41.6585446,-87.7379692,490.2
723223-202601-6-10515539-250129-20260123,1/23/2026,40.45561768,-80.19134618,41.51247676,-87.70910318,449.1
723223-202601-6-10515539-251673-20260124,1/24/2026,41.5546005,-88.12678983,36.18271964,-85.45949861,486.37
723223-202601-6-10515539-251673-20260125,1/25/2026,36.18270689,-85.45952631,31.95952772,-83.74805153,356.62
723223-202601-6-10515539-251673-20260125,1/25/2026,31.95955683,-83.74807417,30.87726249,-83.25665304,86.71
723223-202601-6-10515539-253666-20260117,1/17/2026,34.06661227,-81.02235449,33.57202129,-84.41806009,220.69
723223-202601-6-10515539-253666-20260117,1/17/2026,33.57243201,-84.41782446,38.10089106,-84.48154577,396.91
723223-202601-6-10515539-253666-20260118,1/18/2026,38.10059034,-84.48153508,41.77774699,-87.87126597,371.29
723223-202601-6-10515539-253666-20260118,1/18/2026,41.7783833,-87.87116991,41.74827878,-87.73996333,9.07
723223-202601-6-10515539-253802-20260117,1/17/2026,33.57173144,-84.41749436,38.1002618,-84.4819161,397.06
723223-202601-6-10515539-253802-20260118,1/18/2026,38.10078722,-84.48157827,41.77806641,-87.87170721,371.31
723262-202602-6-11274041-249832-20260116,1/16/2026,41.73999602,-73.96450715,43.13229787,-77.68697845,302.07
723262-202602-6-11274041-253357-20260119,1/19/2026,41.73751566,-74.03033642,37.96774184,-78.26383947,411.03
723262-202603-6-11274085-187904-20260118,1/18/2026,31.33567603,-89.33024518,32.36588223,-88.72918487,86.13
723262-202603-6-11274085-241702-20260122,1/22/2026,32.35030449,-88.69183262,31.25026839,-85.39106847,245.34
723262-202604-6-11274063-218967-20260124,1/24/2026,44.3266973,-75.2521028,40.3528548,-76.7150674,364.67
723262-202604-6-11274063-239852-20260123,1/23/2026,43.11416583,-77.62927483,40.35263381,-76.71539814,264.91
723262-202604-6-11274063-249832-20260123,1/23/2026,43.12559551,-77.65563126,40.3530123,-76.71557358,266.48
723262-202604-6-11274096-109025-20260122,1/22/2026,34.7653541,-79.5730674,34.7624122,-79.4691913,7.74
723262-202604-6-11274096-109025-20260122,1/22/2026,34.7544394,-79.4793582,35.9160032,-84.0924164,337.83
723262-202604-6-11274096-109025-20260125,1/25/2026,35.9164468,-84.0921266,35.7464187,-83.9972573,19.91
723262-202604-6-11274096-237068-20260124,1/24/2026,35.0575898,-85.1383196,35.4257176,-84.6874823,38.59
723262-202604-6-11274096-237068-20260124,1/24/2026,35.4257045,-84.6875424,35.9158536,-84.0927888,49.71
723262-202604-6-11274096-237068-20260125,1/25/2026,35.9157491,-84.0923861,35.7459131,-83.9975033,19.98
723262-202604-6-11274096-237068-20260125,1/25/2026,35.7459505,-83.9974901,35.916173,-84.0933395,20.65
723262-202604-6-11274100-247003-20260123,1/23/2026,30.05802929,-94.10595893,30.25192757,-92.10811493,126.49
723262-202604-6-11274100-247003-20260123,1/23/2026,30.25320489,-92.10775475,36.35150464,-82.37868094,815.03
723262-202604-6-11274100-247003-20260125,1/25/2026,36.39268324,-82.35746049,36.54462629,-82.23293195,13.29
723262-202604-6-11274100-247003-20260125,1/25/2026,36.54458306,-82.23289227,36.35116503,-82.3789286,16.79
723262-202604-6-11274100-252583-20260124,1/24/2026,35.9337184,-83.5829632,36.3584641,-82.3981278,85.29
723262-202604-6-11274100-252583-20260125,1/25/2026,36.3513856,-82.3788224,36.5445152,-82.232864,16.79
723262-202604-6-11274100-252583-20260125,1/25/2026,36.5445615,-82.2330082,36.351496,-82.3786892,16.76
723262-202604-6-11274100-255822-20260124,1/24/2026,31.3471271,-89.26296088,36.35135147,-82.3786934,587.52
723262-202604-6-11274100-256183-20260124,1/24/2026,31.3438103,-89.26290871,36.35123748,-82.37864296,587.88
723274-202553-6-10519493-251345-20260123,1/23/2026,36.8340141,-76.131161,38.7199194,-75.1206367,161.95
723274-202553-6-10519493-254836-20260123,1/23/2026,36.85793234,-76.21133733,36.78960037,-76.23635902,7.82
723274-202553-6-10519493-254836-20260123,1/23/2026,36.78977293,-76.2363886,38.48380445,-80.30019358,330.38
723274-202553-6-10523322-186781-20260118,1/18/2026,34.95835259,-79.15585439,36.01002746,-83.96929361,351.63
723274-202553-6-10523322-186781-20260118,1/18/2026,36.00753017,-83.9919747,36.00892407,-84.0180333,1.64
723274-202553-6-10523322-186781-20260123,1/23/2026,36.00880196,-84.01847693,36.0098868,-83.96904935,3.99
723274-202553-6-10523322-186781-20260123,1/23/2026,36.01003483,-83.96919449,35.02920954,-78.9313528,381.37
723274-202553-6-10523322-187099-20260118,1/18/2026,34.97713318,-79.23635619,36.01013308,-83.96951983,346.59
723274-202553-6-10523322-187099-20260123,1/23/2026,36.00893905,-84.01823998,36.009812,-83.9698668,3.79
723274-202553-6-10523322-187099-20260123,1/23/2026,36.00999517,-83.96918726,35.02346042,-78.93170313,381.82
723274-202553-6-10523322-190930-20260118,1/18/2026,34.98138196,-79.03638261,36.01003588,-83.96933146,386.59
723274-202553-6-10523322-190930-20260118,1/18/2026,36.00662308,-83.98982119,36.00819753,-84.0177468,2.47
723274-202553-6-10523322-190930-20260123,1/23/2026,36.00859067,-84.01840066,36.0099424,-83.9691406,3.98
723274-202553-6-10523322-190930-20260123,1/23/2026,36.00998447,-83.96938697,34.98128778,-79.0364382,386.68
723274-202553-6-10523322-248703-20260120,1/20/2026,35.92221866,-78.78958655,36.00847469,-84.01812186,350.84
723274-202553-6-10523322-253597-20260125,1/25/2026,34.6928453,-85.0036251,33.7867966,-84.5335419,79.14
723274-202553-6-10523322-255395-20260118,1/18/2026,34.98141177,-79.03636701,36.00998972,-83.96962662,386.52
723274-202553-6-10523322-255395-20260118,1/18/2026,36.00974625,-83.9694101,36.00855578,-84.01812405,3.22
723274-202553-6-10523821-182181-20260118,1/18/2026,39.91525797,-74.94816084,37.96087858,-84.384576,647.71
723274-202553-6-10523821-235162-20260124,1/24/2026,37.9637846,-84.3922219,36.0748404,-88.8277444,333.98
723274-202553-6-10523821-240557-20260123,1/23/2026,38.00957828,-84.45136124,37.96122519,-84.38440923,5.41
723274-202553-6-10523821-240557-20260123,1/23/2026,37.96076088,-84.38426278,33.51244327,-82.12639494,450.11
723274-202553-6-10523821-243261-20260118,1/18/2026,39.91498968,-74.94731986,39.49066073,-80.08861171,332.34
723274-202553-6-10523821-243261-20260118,1/18/2026,38.62044016,-80.89991845,37.96062708,-84.38438713,226.7
723274-202553-6-10523821-243261-20260124,1/24/2026,37.96093089,-84.38466405,36.1937756,-86.74294992,220.69
723274-202553-6-10523821-243261-20260124,1/24/2026,36.02445582,-86.78604739,34.73524227,-86.63874795,98.33
723274-202553-6-10523821-243261-20260125,1/25/2026,34.19835418,-86.87808464,31.17685479,-90.24867089,339
723274-202553-6-10523821-243407-20260123,1/23/2026,38.0096514,-84.4512821,37.9608679,-84.384307,5.41
723274-202553-6-10523821-243407-20260123,1/23/2026,37.9612238,-84.3845321,36.399782,-86.1605866,200.2
723274-202553-6-10523821-250320-20260122,1/22/2026,37.9607437,-84.3842207,38.0097383,-84.4513554,5.42
723274-202553-6-10523821-250320-20260122,1/22/2026,37.9608554,-84.384349,33.24284,-84.2766242,409.1
723274-202553-6-10523821-250357-20260122,1/22/2026,38.0094886,-84.4514059,37.9609196,-84.3840213,5.46
723274-202553-6-10523821-250357-20260122,1/22/2026,37.9607772,-84.3841706,38.0097627,-84.4515782,5.42
723274-202553-6-10523821-250357-20260122,1/22/2026,37.9614276,-84.3874631,33.2428063,-84.2765629,408.99
723274-202553-6-10523821-250663-20260123,1/23/2026,37.96214937,-84.38666375,36.2327984,-86.75703474,217.34
723274-202553-6-10523821-251095-20260123,1/23/2026,37.96221099,-84.38663702,36.23281955,-86.75721947,217.34
723274-202553-6-10523821-253299-20260124,1/24/2026,38.9558887,-84.6297523,39.8550997,-86.1212744,128.68
723274-202553-6-10523821-253299-20260124,1/24/2026,39.854865,-86.1212583,40.8918681,-85.497224,95.42
723283-202545-6-9192170-205941-20260116,1/16/2026,38.4830539,-121.3700827,38.5900509,-121.5554133,17.86
723283-202545-6-9192170-205941-20260116,1/16/2026,38.590053,-121.5554139,39.4830471,-118.7967669,195.79
723283-202545-6-9192170-205941-20260117,1/17/2026,39.4871446,-118.7623111,35.7000076,-114.4764167,463.52
723283-202545-6-9192170-205941-20260117,1/17/2026,35.69963281,-114.4759912,35.1604262,-106.5884551,516.85
723283-202545-6-9192170-205941-20260118,1/18/2026,35.1613435,-106.5894315,35.82366255,-94.63084492,734.27
723283-202545-6-9192170-227756-20260116,1/16/2026,38.4830071,-121.3696728,38.59014,-121.5552283,17.31
723283-202545-6-9192170-227756-20260116,1/16/2026,38.4786208,-121.5070872,35.2627638,-112.1940869,721.36
723283-202545-6-9192170-227756-20260118,1/18/2026,35.5286395,-108.6892326,32.1527783,-97.1215278,798.88
723283-202545-6-9192170-227756-20260118,1/18/2026,32.1527783,-97.1215278,30.8915319,-96.6009551,103.18
723283-202545-6-9192170-252039-20260116,1/16/2026,38.48276108,-121.37016,38.58989416,-121.554855,17.37
723283-202545-6-9192170-252039-20260116,1/16/2026,38.58997267,-121.5549756,38.52597673,-121.4394926,10.87
723283-202545-6-9192170-252039-20260116,1/16/2026,38.52534948,-121.4432259,35.01194679,-117.6448557,363.65
723283-202545-6-9192170-252039-20260117,1/17/2026,35.01172027,-117.6445314,36.18355258,-115.1354923,197.25
723284-202601-6-9194857-237396-20260118,1/18/2026,33.77483688,-78.81679266,33.98158507,-78.37260447,34.15
723284-202601-6-9194857-237396-20260119,1/19/2026,33.98318899,-78.37311929,33.70338497,-78.86853035,40.39
723284-202601-6-9194857-237396-20260119,1/19/2026,33.70321986,-78.86774051,33.98268934,-78.37266394,41.26
723284-202601-6-9194857-237396-20260120,1/20/2026,33.98317075,-78.37312954,33.70334057,-78.86793044,40.45
723284-202601-6-9194857-237396-20260120,1/20/2026,33.86876318,-78.63221317,33.98286629,-78.37154007,19.75
723284-202601-6-9194857-258591-20260115,1/15/2026,33.98299604,-78.37278528,34.32182936,-78.8249844,40.88
723284-202601-6-9194857-258591-20260115,1/15/2026,34.32670232,-78.82555127,33.9828123,-78.37274552,41.23
723284-202601-6-9194857-258591-20260116,1/16/2026,33.98275276,-78.37276203,34.31936472,-78.82490588,40.74
723284-202601-6-9194857-258591-20260118,1/18/2026,34.32540382,-78.82539101,33.98268346,-78.37316758,41.11
723284-202601-6-9194857-258591-20260119,1/19/2026,33.98149489,-78.37342834,34.30688,-78.80704569,39.17
723284-202601-6-9194857-258591-20260119,1/19/2026,34.3263769,-78.82604092,33.98288027,-78.37281178,41.27
723284-202601-6-9194857-258591-20260120,1/20/2026,33.98100114,-78.37333195,34.32652384,-78.82543092,41.18
723284-202601-6-9194857-258591-20260121,1/21/2026,34.32637174,-78.82605054,33.98303825,-78.37281851,41.26
723284-202601-6-9194857-258591-20260122,1/22/2026,33.98096584,-78.37332676,34.32660953,-78.82492018,41.16
723284-202601-6-9194857-258591-20260122,1/22/2026,34.32670316,-78.82554428,33.98280322,-78.37279377,41.24
723284-202601-6-9194857-258591-20260123,1/23/2026,33.98310702,-78.3727784,34.32670644,-78.82554613,41.24
723284-202601-6-9194857-258672-20260115,1/15/2026,34.3096111,-78.75183573,33.9828841,-78.37274845,36.08
723284-202601-6-9194857-258672-20260118,1/18/2026,34.30952089,-78.75178272,33.98281092,-78.37276561,36.09
723284-202601-6-9194857-258672-20260119,1/19/2026,33.98270868,-78.37298041,33.98163389,-78.37292964,0.19
723284-202601-6-9194857-258672-20260119,1/19/2026,33.98162062,-78.37296889,34.30959084,-78.75184318,35.96
723284-202601-6-9194857-258672-20260119,1/19/2026,34.30952452,-78.75177971,33.98284428,-78.37275597,36.09
723284-202601-6-9194857-258672-20260120,1/20/2026,34.30966238,-78.75186065,33.98296187,-78.37281593,36.08
723284-202601-6-9194857-258672-20260121,1/21/2026,33.98274911,-78.37312673,33.98180589,-78.37305555,0.15
723284-202601-6-9194857-258672-20260121,1/21/2026,33.98142557,-78.37270599,34.30960942,-78.75183928,37.15
723284-202601-6-9194857-258672-20260121,1/21/2026,34.3095952,-78.7518441,33.98279983,-78.37272118,36.09
723284-202601-6-9194857-258672-20260122,1/22/2026,33.9825445,-78.37304191,34.30960447,-78.75185033,36.09
723284-202601-6-9194857-258672-20260122,1/22/2026,34.30959629,-78.75182491,33.98295715,-78.37281519,36.08
723284-202601-6-9194857-258672-20260123,1/23/2026,33.98276577,-78.37308539,33.97686895,-78.38069023,0.72
723284-202601-6-9194857-258672-20260123,1/23/2026,33.97661621,-78.38070493,34.30962505,-78.75183856,35.43
723284-202601-6-9194857-258672-20260125,1/25/2026,34.30957124,-78.75181129,33.98282306,-78.37274464,36.08
723284-202601-6-9194857-258672-20260125,1/25/2026,33.98282621,-78.37276506,33.98126831,-78.37279046,0.22
723284-202601-6-9194857-258672-20260125,1/25/2026,33.98130027,-78.37259464,34.30961602,-78.75181295,35.99
723284-202601-6-9194857-258713-20260115,1/15/2026,33.98260922,-78.37295928,34.18804773,-77.91826809,36.52
723284-202601-6-9194857-258713-20260115,1/15/2026,34.18807429,-77.91812337,33.9821157,-78.37268299,36.71
723284-202601-6-9194857-258713-20260116,1/16/2026,33.98155368,-78.37272728,34.19579189,-77.92148991,35.9
723284-202601-6-9194857-258713-20260118,1/18/2026,34.18804559,-77.91826161,33.98261142,-78.37255025,36.76
723284-202601-6-9194857-258713-20260119,1/19/2026,34.18805801,-77.91823996,33.98264225,-78.37254929,36.75
723284-202601-6-9194857-258713-20260120,1/20/2026,33.98330808,-78.37301114,34.18756916,-77.91705889,36.42
723284-202601-6-9194857-258713-20260120,1/20/2026,34.18805397,-77.91826895,33.98287791,-78.37267858,36.74
723284-202601-6-9194857-258713-20260122,1/22/2026,34.18792351,-77.91753091,33.98242979,-78.37251765,36.73
723284-202601-6-9194857-258713-20260123,1/23/2026,33.98043269,-78.37383313,34.19461308,-77.9100092,36.96
723287-202603-6-9188129-196376-20260117,1/17/2026,33.0663903,-88.5620324,39.9303122,-91.4127952,578.94
723287-202603-6-9188129-247884-20260117,1/17/2026,40.30895463,-88.175582,39.92927863,-91.41233863,207.85
723287-202603-6-9188129-247884-20260118,1/18/2026,39.93044227,-91.41251707,39.93734998,-91.3331618,4.87
723287-202603-6-9188129-251448-20260117,1/17/2026,43.0415723,-87.9490188,39.9301783,-91.4125815,351.45
723287-202603-6-9188129-251448-20260118,1/18/2026,39.9300199,-91.4128608,39.9371405,-91.331846,5.05
723287-202603-6-9188129-251851-20260118,1/18/2026,41.77301025,-87.61483645,39.92999178,-91.41223399,309.72
723287-202603-6-9188129-251851-20260118,1/18/2026,39.92981733,-91.41254033,39.93627154,-91.33308032,4.79
723287-202603-6-9188129-253075-20260117,1/17/2026,38.5497961,-89.1251644,39.929975,-91.4127461,209.43
723287-202603-6-9188129-253075-20260118,1/18/2026,39.9299028,-91.412616,39.9374646,-91.3333067,4.87
723287-202603-6-9188129-258926-20260118,1/18/2026,40.46247589,-90.69346355,40.45951796,-90.69425767,1.23
723287-202603-6-9188129-258926-20260118,1/18/2026,40.45937964,-90.69471956,39.93623082,-91.33202306,62.87
723287-202603-6-9188129-258926-20260119,1/19/2026,39.93738362,-91.3327684,40.46247332,-90.69344326,63.45
723287-202603-6-9188129-258962-20260118,1/18/2026,40.3900381,-91.3470561,39.93894,-91.331615,37.63
723287-202603-6-9188129-258962-20260122,1/22/2026,40.3899777,-91.3473699,39.9379675,-91.3336192,37.48
723287-202603-6-9188129-258962-20260122,1/22/2026,39.9381179,-91.3334227,39.9375333,-91.3337467,0.04
723287-202603-6-9188129-258997-20260118,1/18/2026,41.7727403,-87.60599066,39.93031653,-91.41252951,310.04
723287-202603-6-9188129-258997-20260118,1/18/2026,39.92985306,-91.41242799,39.93784087,-91.33305691,4.88
723288-202604-6-9228880-196496-20260123,1/23/2026,32.72367983,-91.92402117,31.94756443,-102.1413269,642.57
723288-202604-6-9228880-196496-20260124,1/24/2026,31.94728278,-102.1408323,32.78593083,-108.2386058,449.74
723288-202604-6-9228880-205941-20260123,1/23/2026,35.7533359,-94.6356222,35.0662971,-106.6391448,726.48
723288-202604-6-9228880-205941-20260123,1/23/2026,35.0634294,-106.6387826,32.7854083,-108.2385641,230.51
723288-202604-6-9228880-210607-20260123,1/23/2026,29.6799985,-95.68315533,31.06271833,-104.2875032,580.79
723288-202604-6-9228880-227756-20260123,1/23/2026,30.8915316,-96.6005012,32.2696163,-106.9215472,700.15
723288-202604-6-9228880-227756-20260123,1/23/2026,32.2696289,-106.9215612,32.7858534,-108.2386755,99.45
723288-202604-6-9228880-227756-20260125,1/25/2026,32.7850749,-108.2387696,32.7891025,-108.2474109,0.71
723288-202604-6-9228880-249543-20260124,1/24/2026,36.2118795,-116.0902561,32.7857761,-108.2422204,636.37
723288-202604-6-9228880-249543-20260124,1/24/2026,32.785045,-108.23875,32.7892572,-108.2474091,0.71
723288-202604-6-9228880-252039-20260123,1/23/2026,36.18339625,-115.135436,33.47425638,-112.337242,286.32
723288-202604-6-9228880-258665-20260125,1/25/2026,32.2504389,-107.7682373,32.7885205,-108.2472037,51.67
723288-202604-6-9228880-258834-20260126,1/26/2026,32.3265281,-107.7845334,32.7890802,-108.2475477,47.3
723288-202604-6-9228880-259112-20260124,1/24/2026,33.46332462,-112.3405928,32.78517294,-108.2388573,332.18
723288-202604-6-9228880-259112-20260124,1/24/2026,32.78517294,-108.2388573,32.78866777,-108.2475512,0.69
723289-202604-6-9205964-190196-20260123,1/23/2026,33.66073074,-84.18185643,33.48085789,-82.08475954,130.94
723289-202604-6-9205964-190196-20260123,1/23/2026,32.54616217,-82.3209675,30.69723162,-81.67783869,180.83
723289-202604-6-9205964-190196-20260124,1/24/2026,30.60200197,-81.64556382,27.94796166,-80.60870497,204.62
723289-202604-6-9205964-190196-20260124,1/24/2026,27.927108,-80.60312967,26.75896541,-80.0923393,94.81
723289-202604-6-9205964-190196-20260125,1/25/2026,26.75912914,-80.09579987,26.65081236,-80.11077491,10.6
723304-202602-6-9213328-253798-20260118,1/18/2026,47.0516066,-96.9352537,45.4934289,-93.2241539,239.26
723304-202602-6-9213328-258771-20260114,1/14/2026,48.12184048,-96.15729935,47.7909499,-96.60735529,40.79
723304-202602-6-9213328-258771-20260119,1/19/2026,48.12183371,-96.15729621,47.79097273,-96.60744355,40.78
723304-202602-6-9213328-258771-20260120,1/20/2026,47.79086526,-96.6072971,48.12187258,-96.15742546,40.85
723304-202602-6-9213328-258771-20260120,1/20/2026,48.12169649,-96.15751357,47.79072673,-96.6072512,40.81
723304-202602-6-9213328-258826-20260114,1/14/2026,47.79101765,-96.60721001,47.66355256,-96.01506202,32.35
723304-202602-6-9213328-258826-20260114,1/14/2026,47.66343927,-96.01530283,47.79082734,-96.6071078,32.4
723304-202602-6-9213328-258826-20260115,1/15/2026,47.7911755,-96.60752965,47.66349445,-96.01509638,32.37
723304-202602-6-9213328-258826-20260115,1/15/2026,47.66627891,-96.01089511,47.78928435,-96.60502755,31.66
723304-202602-6-9213328-258826-20260116,1/16/2026,47.79125592,-96.60747123,47.66352528,-96.01507104,32.37
723304-202602-6-9213328-258826-20260120,1/20/2026,47.79106106,-96.60761512,47.66349307,-96.01507004,32.36
723304-202602-6-9213328-258826-20260120,1/20/2026,47.6634461,-96.01578473,47.79080068,-96.60719424,32.41
723304-202602-6-9213328-258826-20260121,1/21/2026,47.7908298,-96.6071495,47.66349906,-96.0150921,32.36
723304-202602-6-9213328-258826-20260121,1/21/2026,47.66349496,-96.0153663,47.79084993,-96.60700031,32.4
723304-202602-6-9213328-258826-20260122,1/22/2026,47.79088998,-96.60746285,47.66347911,-96.01505026,32.39
723304-202602-6-9213328-258826-20260122,1/22/2026,47.66455614,-96.01221652,47.77628611,-96.60726732,31.1
723304-202602-6-9213328-258826-20260125,1/25/2026,47.66350016,-96.01508813,47.79075951,-96.60731574,32.38
723304-202602-6-9213328-258826-20260126,1/26/2026,47.78790773,-96.61118528,47.77735447,-96.59503385,1.39
723304-202602-6-9213328-258826-20260126,1/26/2026,47.66315328,-96.01572812,47.79109787,-96.60769216,32.43
723304-202602-6-9213328-259218-20260119,1/19/2026,48.09334,-96.196315,47.7912383,-96.6083717,37.12
723304-202602-6-9213328-259218-20260122,1/22/2026,48.1079574,-96.1910392,47.79118,-96.60745,38.1
723304-202602-6-9213328-259218-20260125,1/25/2026,48.1165217,-96.1687967,47.7911433,-96.6077583,39.5
723304-202602-6-9213328-259218-20260127,1/27/2026,48.116272,-96.1759896,47.7911617,-96.6084233,39.19
723310-202601-6-9213678-254139-20260115,1/15/2026,35.3868818,-77.94896976,34.98105461,-78.96507778,81.91
723310-202601-6-9213678-254139-20260116,1/16/2026,34.95895585,-78.89265254,35.39790652,-77.96309278,75.15
723310-202601-6-9213678-254139-20260119,1/19/2026,35.35306986,-77.98585946,34.98106663,-78.96553469,70.4
723310-202601-6-9213678-254139-20260120,1/20/2026,34.98086606,-78.9656505,35.39898289,-77.90750105,83.7
723310-202601-6-9213678-254139-20260120,1/20/2026,35.3426453,-78.00364425,34.98076016,-78.9654974,68.95
723310-202601-6-9213678-254139-20260121,1/21/2026,34.98183079,-78.96470659,35.35147181,-77.99117274,69.72
723310-202601-6-9213678-254139-20260121,1/21/2026,35.34833778,-77.99493477,34.98102145,-78.96565964,69.71
723310-202601-6-9213678-254139-20260122,1/22/2026,34.98099196,-78.9651168,35.3510777,-78.01635093,67.77
723310-202601-6-9213678-254139-20260122,1/22/2026,35.34108324,-78.00168191,34.98182364,-78.96516681,69.03
723310-202601-6-9213678-254139-20260123,1/23/2026,34.98095338,-78.9651638,35.35061761,-78.01619755,67.76
723310-202601-6-9213678-258696-20260115,1/15/2026,34.98097088,-78.9650804,34.9845551,-78.96656504,0.44
723310-202601-6-9213678-258696-20260115,1/15/2026,34.98529501,-78.96503603,34.48874712,-79.11600356,42.09
723310-202601-6-9213678-258696-20260118,1/18/2026,34.50278545,-79.11191988,34.98101081,-78.96490713,40.69
723310-202601-6-9213678-258696-20260120,1/20/2026,34.98095654,-78.96563913,34.48867662,-79.1159183,42.02
723310-202601-6-9213678-258696-20260120,1/20/2026,34.48863192,-79.11600659,34.98082208,-78.96543996,41.81
723310-202601-6-9213678-258696-20260122,1/22/2026,34.98160724,-78.96427932,35.10034485,-79.01169414,15.45
723310-202601-6-9213678-258696-20260122,1/22/2026,34.91208268,-78.97151893,34.48863192,-79.11600659,36
723310-202601-6-9213678-258696-20260122,1/22/2026,34.48878142,-79.11601408,34.98104596,-78.96524443,42.24
723310-202601-6-9213678-259008-20260119,1/19/2026,34.98405315,-78.96471086,34.66006327,-79.30554776,33.33
723310-202601-6-9213678-259008-20260119,1/19/2026,34.66810694,-79.28465688,34.98107855,-78.96535142,31.84
723310-202601-6-9213678-259008-20260120,1/20/2026,34.66006364,-79.30554753,34.98064369,-78.96515498,33.42
723310-202601-6-9213678-259008-20260121,1/21/2026,34.73314178,-79.21158189,34.98117425,-78.96535942,24.96
723310-202601-6-9213678-259008-20260122,1/22/2026,34.98096619,-78.96479687,34.66837332,-79.28458055,31.69
723317-202604-6-10523741-249739-20260123,1/23/2026,36.8822181,-76.2149891,37.7925227,-81.2129868,350.46
723317-202604-6-10523741-252314-20260123,1/23/2026,36.8465255,-75.9783405,38.02974,-78.481567,177.11
723317-202604-6-10523741-252314-20260123,1/23/2026,38.0297352,-78.4816279,37.7927726,-81.2127791,191.23
723317-202604-6-10523741-252314-20260124,1/24/2026,37.7925614,-81.2130301,38.2047146,-85.6809448,298.53
723317-202604-6-10523741-258911-20260124,1/24/2026,36.0087366,-83.9749222,38.2035273,-85.6792828,237.46
723317-202604-6-10527200-186781-20260124,1/24/2026,34.9818398,-79.0328299,38.85478261,-77.04378552,332.65
723317-202604-6-10527200-186781-20260124,1/24/2026,38.85474893,-77.04379627,34.98130688,-79.03642741,331.63
723317-202604-6-10527200-187099-20260124,1/24/2026,38.85485092,-77.04364643,34.98126485,-79.03641394,331.62
